Picture Path,Label,width,height
./Multi-class Weather Dataset/Cloudy/cloudy1.jpg,Nuageux,600,400
./Multi-class Weather Dataset/Cloudy/cloudy10.jpg,Nuageux,271,186
./Multi-class Weather Dataset/Cloudy/cloudy100.jpg,Nuageux,259,194
./Multi-class Weather Dataset/Cloudy/cloudy101.jpg,Nuageux,338,149
./Multi-class Weather Dataset/Cloudy/cloudy102.jpg,Nuageux,800,377
./Multi-class Weather Dataset/Cloudy/cloudy103.jpg,Nuageux,275,183
./Multi-class Weather Dataset/Cloudy/cloudy104.jpg,Nuageux,275,183
./Multi-class Weather Dataset/Cloudy/cloudy105.jpg,Nuageux,288,175
./Multi-class Weather Dataset/Cloudy/cloudy106.jpg,Nuageux,300,168
./Multi-class Weather Dataset/Cloudy/cloudy107.jpg,Nuageux,275,183
./Multi-class Weather Dataset/Cloudy/cloudy108.jpg,Nuageux,900,675
./Multi-class Weather Dataset/Cloudy/cloudy109.jpg,Nuageux,851,377
./Multi-class Weather Dataset/Cloudy/cloudy11.jpg,Nuageux,1024,675
./Multi-class Weather Dataset/Cloudy/cloudy110.jpg,Nuageux,284,177
./Multi-class Weather Dataset/Cloudy/cloudy111.jpg,Nuageux,259,194
./Multi-class Weather Dataset/Cloudy/cloudy112.jpg,Nuageux,590,400
./Multi-class Weather Dataset/Cloudy/cloudy113.jpg,Nuageux,259,194
./Multi-class Weather Dataset/Cloudy/cloudy114.jpg,Nuageux,319,158
./Multi-class Weather Dataset/Cloudy/cloudy115.jpg,Nuageux,326,155
./Multi-class Weather Dataset/Cloudy/cloudy116.jpg,Nuageux,1600,1200
./Multi-class Weather Dataset/Cloudy/cloudy117.jpg,Nuageux,400,269
./Multi-class Weather Dataset/Cloudy/cloudy118.jpg,Nuageux,259,194
./Multi-class Weather Dataset/Cloudy/cloudy119.jpg,Nuageux,490,326
./Multi-class Weather Dataset/Cloudy/cloudy12.jpg,Nuageux,300,168
./Multi-class Weather Dataset/Cloudy/cloudy120.jpg,Nuageux,318,159
./Multi-class Weather Dataset/Cloudy/cloudy121.jpg,Nuageux,211,239
./Multi-class Weather Dataset/Cloudy/cloudy122.jpg,Nuageux,852,480
./Multi-class Weather Dataset/Cloudy/cloudy123.jpg,Nuageux,852,480
./Multi-class Weather Dataset/Cloudy/cloudy124.jpg,Nuageux,299,168
./Multi-class Weather Dataset/Cloudy/cloudy125.jpg,Nuageux,852,480
./Multi-class Weather Dataset/Cloudy/cloudy126.jpg,Nuageux,852,480
./Multi-class Weather Dataset/Cloudy/cloudy127.jpg,Nuageux,640,360
./Multi-class Weather Dataset/Cloudy/cloudy128.jpg,Nuageux,259,194
./Multi-class Weather Dataset/Cloudy/cloudy129.jpg,Nuageux,1024,576
./Multi-class Weather Dataset/Cloudy/cloudy13.jpg,Nuageux,306,165
./Multi-class Weather Dataset/Cloudy/cloudy130.jpg,Nuageux,728,410
./Multi-class Weather Dataset/Cloudy/cloudy131.jpg,Nuageux,600,300
./Multi-class Weather Dataset/Cloudy/cloudy132.jpg,Nuageux,720,400
./Multi-class Weather Dataset/Cloudy/cloudy133.jpg,Nuageux,259,194
./Multi-class Weather Dataset/Cloudy/cloudy134.jpg,Nuageux,800,600
./Multi-class Weather Dataset/Cloudy/cloudy135.jpg,Nuageux,1600,706
./Multi-class Weather Dataset/Cloudy/cloudy136.jpg,Nuageux,595,476
./Multi-class Weather Dataset/Cloudy/cloudy137.jpg,Nuageux,1000,667
./Multi-class Weather Dataset/Cloudy/cloudy138.jpg,Nuageux,275,183
./Multi-class Weather Dataset/Cloudy/cloudy139.jpg,Nuageux,183,275
./Multi-class Weather Dataset/Cloudy/cloudy14.jpg,Nuageux,2000,2000
./Multi-class Weather Dataset/Cloudy/cloudy140.jpg,Nuageux,1000,750
./Multi-class Weather Dataset/Cloudy/cloudy141.jpg,Nuageux,615,409
./Multi-class Weather Dataset/Cloudy/cloudy142.jpg,Nuageux,520,362
./Multi-class Weather Dataset/Cloudy/cloudy143.jpg,Nuageux,284,177
./Multi-class Weather Dataset/Cloudy/cloudy144.jpg,Nuageux,259,194
./Multi-class Weather Dataset/Cloudy/cloudy145.jpg,Nuageux,300,168
./Multi-class Weather Dataset/Cloudy/cloudy146.jpg,Nuageux,800,377
./Multi-class Weather Dataset/Cloudy/cloudy147.jpg,Nuageux,800,533
./Multi-class Weather Dataset/Cloudy/cloudy148.jpg,Nuageux,900,600
./Multi-class Weather Dataset/Cloudy/cloudy149.jpg,Nuageux,759,462
./Multi-class Weather Dataset/Cloudy/cloudy15.jpg,Nuageux,852,480
./Multi-class Weather Dataset/Cloudy/cloudy150.jpg,Nuageux,1920,1080
./Multi-class Weather Dataset/Cloudy/cloudy151.jpg,Nuageux,1920,1280
./Multi-class Weather Dataset/Cloudy/cloudy152.jpg,Nuageux,1920,1080
./Multi-class Weather Dataset/Cloudy/cloudy153.jpg,Nuageux,1280,720
./Multi-class Weather Dataset/Cloudy/cloudy154.jpg,Nuageux,291,169
./Multi-class Weather Dataset/Cloudy/cloudy155.jpg,Nuageux,1920,1080
./Multi-class Weather Dataset/Cloudy/cloudy156.jpg,Nuageux,299,168
./Multi-class Weather Dataset/Cloudy/cloudy157.jpg,Nuageux,282,179
./Multi-class Weather Dataset/Cloudy/cloudy158.jpg,Nuageux,468,351
./Multi-class Weather Dataset/Cloudy/cloudy159.jpg,Nuageux,243,162
./Multi-class Weather Dataset/Cloudy/cloudy16.jpg,Nuageux,299,168
./Multi-class Weather Dataset/Cloudy/cloudy160.jpg,Nuageux,303,160
./Multi-class Weather Dataset/Cloudy/cloudy161.jpg,Nuageux,231,154
./Multi-class Weather Dataset/Cloudy/cloudy162.jpg,Nuageux,281,187
./Multi-class Weather Dataset/Cloudy/cloudy163.jpg,Nuageux,264,178
./Multi-class Weather Dataset/Cloudy/cloudy164.jpg,Nuageux,205,300
./Multi-class Weather Dataset/Cloudy/cloudy165.jpg,Nuageux,242,161
./Multi-class Weather Dataset/Cloudy/cloudy166.jpg,Nuageux,256,169
./Multi-class Weather Dataset/Cloudy/cloudy167.jpg,Nuageux,222,167
./Multi-class Weather Dataset/Cloudy/cloudy168.jpg,Nuageux,226,170
./Multi-class Weather Dataset/Cloudy/cloudy169.jpg,Nuageux,206,155
./Multi-class Weather Dataset/Cloudy/cloudy17.jpg,Nuageux,299,168
./Multi-class Weather Dataset/Cloudy/cloudy170.jpg,Nuageux,245,155
./Multi-class Weather Dataset/Cloudy/cloudy171.jpg,Nuageux,220,165
./Multi-class Weather Dataset/Cloudy/cloudy172.jpg,Nuageux,231,154
./Multi-class Weather Dataset/Cloudy/cloudy173.jpg,Nuageux,229,152
./Multi-class Weather Dataset/Cloudy/cloudy174.jpg,Nuageux,225,178
./Multi-class Weather Dataset/Cloudy/cloudy175.jpg,Nuageux,238,158
./Multi-class Weather Dataset/Cloudy/cloudy176.jpg,Nuageux,207,156
./Multi-class Weather Dataset/Cloudy/cloudy177.jpg,Nuageux,199,151
./Multi-class Weather Dataset/Cloudy/cloudy178.jpg,Nuageux,236,177
./Multi-class Weather Dataset/Cloudy/cloudy179.jpg,Nuageux,285,153
./Multi-class Weather Dataset/Cloudy/cloudy18.jpg,Nuageux,852,480
./Multi-class Weather Dataset/Cloudy/cloudy180.jpg,Nuageux,261,175
./Multi-class Weather Dataset/Cloudy/cloudy181.jpg,Nuageux,342,171
./Multi-class Weather Dataset/Cloudy/cloudy182.jpg,Nuageux,287,192
./Multi-class Weather Dataset/Cloudy/cloudy183.jpg,Nuageux,302,170
./Multi-class Weather Dataset/Cloudy/cloudy184.jpg,Nuageux,256,166
./Multi-class Weather Dataset/Cloudy/cloudy185.jpg,Nuageux,276,173
./Multi-class Weather Dataset/Cloudy/cloudy186.jpg,Nuageux,267,178
./Multi-class Weather Dataset/Cloudy/cloudy187.jpg,Nuageux,208,167
./Multi-class Weather Dataset/Cloudy/cloudy188.jpg,Nuageux,241,161
./Multi-class Weather Dataset/Cloudy/cloudy189.jpg,Nuageux,255,170
./Multi-class Weather Dataset/Cloudy/cloudy19.jpg,Nuageux,800,600
./Multi-class Weather Dataset/Cloudy/cloudy190.jpg,Nuageux,256,153
./Multi-class Weather Dataset/Cloudy/cloudy191.jpg,Nuageux,239,168
./Multi-class Weather Dataset/Cloudy/cloudy192.jpg,Nuageux,211,159
./Multi-class Weather Dataset/Cloudy/cloudy193.jpg,Nuageux,284,160
./Multi-class Weather Dataset/Cloudy/cloudy194.jpg,Nuageux,312,164
./Multi-class Weather Dataset/Cloudy/cloudy195.jpg,Nuageux,231,174
./Multi-class Weather Dataset/Cloudy/cloudy196.jpg,Nuageux,261,174
./Multi-class Weather Dataset/Cloudy/cloudy197.jpg,Nuageux,266,175
./Multi-class Weather Dataset/Cloudy/cloudy198.jpg,Nuageux,226,151
./Multi-class Weather Dataset/Cloudy/cloudy199.jpg,Nuageux,254,170
./Multi-class Weather Dataset/Cloudy/cloudy2.jpg,Nuageux,400,300
./Multi-class Weather Dataset/Cloudy/cloudy20.jpg,Nuageux,299,168
./Multi-class Weather Dataset/Cloudy/cloudy200.jpg,Nuageux,283,177
./Multi-class Weather Dataset/Cloudy/cloudy201.jpg,Nuageux,230,173
./Multi-class Weather Dataset/Cloudy/cloudy202.jpg,Nuageux,290,174
./Multi-class Weather Dataset/Cloudy/cloudy203.jpg,Nuageux,245,153
./Multi-class Weather Dataset/Cloudy/cloudy204.jpg,Nuageux,283,177
./Multi-class Weather Dataset/Cloudy/cloudy205.jpg,Nuageux,300,168
./Multi-class Weather Dataset/Cloudy/cloudy206.jpg,Nuageux,255,192
./Multi-class Weather Dataset/Cloudy/cloudy207.jpg,Nuageux,300,134
./Multi-class Weather Dataset/Cloudy/cloudy208.jpg,Nuageux,269,168
./Multi-class Weather Dataset/Cloudy/cloudy209.jpg,Nuageux,260,174
./Multi-class Weather Dataset/Cloudy/cloudy21.jpg,Nuageux,852,480
./Multi-class Weather Dataset/Cloudy/cloudy210.jpg,Nuageux,275,172
./Multi-class Weather Dataset/Cloudy/cloudy211.jpg,Nuageux,375,166
./Multi-class Weather Dataset/Cloudy/cloudy212.jpg,Nuageux,223,168
./Multi-class Weather Dataset/Cloudy/cloudy213.jpg,Nuageux,205,154
./Multi-class Weather Dataset/Cloudy/cloudy214.jpg,Nuageux,201,151
./Multi-class Weather Dataset/Cloudy/cloudy215.jpg,Nuageux,300,300
./Multi-class Weather Dataset/Cloudy/cloudy216.jpg,Nuageux,203,153
./Multi-class Weather Dataset/Cloudy/cloudy217.jpg,Nuageux,233,175
./Multi-class Weather Dataset/Cloudy/cloudy218.jpg,Nuageux,250,152
./Multi-class Weather Dataset/Cloudy/cloudy219.jpg,Nuageux,201,151
./Multi-class Weather Dataset/Cloudy/cloudy22.jpg,Nuageux,720,476
./Multi-class Weather Dataset/Cloudy/cloudy220.jpg,Nuageux,272,153
./Multi-class Weather Dataset/Cloudy/cloudy221.jpg,Nuageux,332,175
./Multi-class Weather Dataset/Cloudy/cloudy222.jpg,Nuageux,265,166
./Multi-class Weather Dataset/Cloudy/cloudy223.jpg,Nuageux,256,160
./Multi-class Weather Dataset/Cloudy/cloudy224.jpg,Nuageux,241,151
./Multi-class Weather Dataset/Cloudy/cloudy225.jpg,Nuageux,208,167
./Multi-class Weather Dataset/Cloudy/cloudy226.jpg,Nuageux,231,174
./Multi-class Weather Dataset/Cloudy/cloudy227.jpg,Nuageux,236,177
./Multi-class Weather Dataset/Cloudy/cloudy228.jpg,Nuageux,285,171
./Multi-class Weather Dataset/Cloudy/cloudy229.jpg,Nuageux,237,178
./Multi-class Weather Dataset/Cloudy/cloudy23.jpg,Nuageux,259,194
./Multi-class Weather Dataset/Cloudy/cloudy230.jpg,Nuageux,282,159
./Multi-class Weather Dataset/Cloudy/cloudy231.jpg,Nuageux,268,179
./Multi-class Weather Dataset/Cloudy/cloudy232.jpg,Nuageux,305,172
./Multi-class Weather Dataset/Cloudy/cloudy233.jpg,Nuageux,247,165
./Multi-class Weather Dataset/Cloudy/cloudy234.jpg,Nuageux,260,174
./Multi-class Weather Dataset/Cloudy/cloudy235.jpg,Nuageux,268,178
./Multi-class Weather Dataset/Cloudy/cloudy236.jpg,Nuageux,241,181
./Multi-class Weather Dataset/Cloudy/cloudy237.jpg,Nuageux,247,252
./Multi-class Weather Dataset/Cloudy/cloudy238.jpg,Nuageux,247,165
./Multi-class Weather Dataset/Cloudy/cloudy239.jpg,Nuageux,297,167
./Multi-class Weather Dataset/Cloudy/cloudy24.jpg,Nuageux,284,177
./Multi-class Weather Dataset/Cloudy/cloudy240.jpg,Nuageux,300,138
./Multi-class Weather Dataset/Cloudy/cloudy241.jpg,Nuageux,300,157
./Multi-class Weather Dataset/Cloudy/cloudy242.jpg,Nuageux,231,174
./Multi-class Weather Dataset/Cloudy/cloudy243.jpg,Nuageux,238,179
./Multi-class Weather Dataset/Cloudy/cloudy244.jpg,Nuageux,312,176
./Multi-class Weather Dataset/Cloudy/cloudy245.jpg,Nuageux,258,166
./Multi-class Weather Dataset/Cloudy/cloudy246.jpg,Nuageux,223,168
./Multi-class Weather Dataset/Cloudy/cloudy247.jpg,Nuageux,301,181
./Multi-class Weather Dataset/Cloudy/cloudy248.jpg,Nuageux,267,178
./Multi-class Weather Dataset/Cloudy/cloudy249.jpg,Nuageux,284,160
./Multi-class Weather Dataset/Cloudy/cloudy25.jpg,Nuageux,300,168
./Multi-class Weather Dataset/Cloudy/cloudy250.jpg,Nuageux,241,160
./Multi-class Weather Dataset/Cloudy/cloudy251.jpg,Nuageux,205,154
./Multi-class Weather Dataset/Cloudy/cloudy252.jpg,Nuageux,236,177
./Multi-class Weather Dataset/Cloudy/cloudy253.jpg,Nuageux,258,171
./Multi-class Weather Dataset/Cloudy/cloudy254.jpg,Nuageux,300,300
./Multi-class Weather Dataset/Cloudy/cloudy255.jpg,Nuageux,270,180
./Multi-class Weather Dataset/Cloudy/cloudy256.jpg,Nuageux,263,168
./Multi-class Weather Dataset/Cloudy/cloudy257.jpg,Nuageux,225,300
./Multi-class Weather Dataset/Cloudy/cloudy258.jpg,Nuageux,258,169
./Multi-class Weather Dataset/Cloudy/cloudy259.jpg,Nuageux,211,159
./Multi-class Weather Dataset/Cloudy/cloudy26.jpg,Nuageux,317,159
./Multi-class Weather Dataset/Cloudy/cloudy260.jpg,Nuageux,226,151
./Multi-class Weather Dataset/Cloudy/cloudy261.jpg,Nuageux,206,152
./Multi-class Weather Dataset/Cloudy/cloudy262.jpg,Nuageux,206,155
./Multi-class Weather Dataset/Cloudy/cloudy263.jpg,Nuageux,203,163
./Multi-class Weather Dataset/Cloudy/cloudy264.jpg,Nuageux,268,168
./Multi-class Weather Dataset/Cloudy/cloudy265.jpg,Nuageux,300,138
./Multi-class Weather Dataset/Cloudy/cloudy266.jpg,Nuageux,252,168
./Multi-class Weather Dataset/Cloudy/cloudy267.jpg,Nuageux,239,160
./Multi-class Weather Dataset/Cloudy/cloudy268.jpg,Nuageux,300,300
./Multi-class Weather Dataset/Cloudy/cloudy269.jpg,Nuageux,201,151
./Multi-class Weather Dataset/Cloudy/cloudy27.jpg,Nuageux,1024,682
./Multi-class Weather Dataset/Cloudy/cloudy270.jpg,Nuageux,238,158
./Multi-class Weather Dataset/Cloudy/cloudy271.jpg,Nuageux,205,154
./Multi-class Weather Dataset/Cloudy/cloudy272.jpg,Nuageux,227,171
./Multi-class Weather Dataset/Cloudy/cloudy273.jpg,Nuageux,317,167
./Multi-class Weather Dataset/Cloudy/cloudy274.jpg,Nuageux,221,166
./Multi-class Weather Dataset/Cloudy/cloudy275.jpg,Nuageux,213,160
./Multi-class Weather Dataset/Cloudy/cloudy276.jpg,Nuageux,227,151
./Multi-class Weather Dataset/Cloudy/cloudy277.jpg,Nuageux,201,151
./Multi-class Weather Dataset/Cloudy/cloudy278.jpg,Nuageux,272,182
./Multi-class Weather Dataset/Cloudy/cloudy279.jpg,Nuageux,256,160
./Multi-class Weather Dataset/Cloudy/cloudy28.jpg,Nuageux,768,508
./Multi-class Weather Dataset/Cloudy/cloudy280.jpg,Nuageux,241,177
./Multi-class Weather Dataset/Cloudy/cloudy281.jpg,Nuageux,209,155
./Multi-class Weather Dataset/Cloudy/cloudy282.jpg,Nuageux,236,177
./Multi-class Weather Dataset/Cloudy/cloudy283.jpg,Nuageux,228,171
./Multi-class Weather Dataset/Cloudy/cloudy284.jpg,Nuageux,323,170
./Multi-class Weather Dataset/Cloudy/cloudy285.jpg,Nuageux,267,167
./Multi-class Weather Dataset/Cloudy/cloudy286.jpg,Nuageux,229,173
./Multi-class Weather Dataset/Cloudy/cloudy287.jpg,Nuageux,278,157
./Multi-class Weather Dataset/Cloudy/cloudy288.jpg,Nuageux,219,151
./Multi-class Weather Dataset/Cloudy/cloudy289.jpg,Nuageux,254,170
./Multi-class Weather Dataset/Cloudy/cloudy29.jpg,Nuageux,274,184
./Multi-class Weather Dataset/Cloudy/cloudy290.jpg,Nuageux,298,185
./Multi-class Weather Dataset/Cloudy/cloudy291.jpg,Nuageux,236,177
./Multi-class Weather Dataset/Cloudy/cloudy292.jpg,Nuageux,254,170
./Multi-class Weather Dataset/Cloudy/cloudy293.jpg,Nuageux,226,151
./Multi-class Weather Dataset/Cloudy/cloudy294.jpg,Nuageux,235,157
./Multi-class Weather Dataset/Cloudy/cloudy295.jpg,Nuageux,281,159
./Multi-class Weather Dataset/Cloudy/cloudy296.jpg,Nuageux,251,167
./Multi-class Weather Dataset/Cloudy/cloudy297.jpg,Nuageux,270,178
./Multi-class Weather Dataset/Cloudy/cloudy298.jpg,Nuageux,249,166
./Multi-class Weather Dataset/Cloudy/cloudy299.jpg,Nuageux,267,178
./Multi-class Weather Dataset/Cloudy/cloudy3.jpg,Nuageux,326,155
./Multi-class Weather Dataset/Cloudy/cloudy30.jpg,Nuageux,550,412
./Multi-class Weather Dataset/Cloudy/cloudy300.jpg,Nuageux,300,149
./Multi-class Weather Dataset/Cloudy/cloudy31.jpg,Nuageux,800,600
./Multi-class Weather Dataset/Cloudy/cloudy32.jpg,Nuageux,255,198
./Multi-class Weather Dataset/Cloudy/cloudy33.jpg,Nuageux,468,351
./Multi-class Weather Dataset/Cloudy/cloudy34.jpg,Nuageux,550,412
./Multi-class Weather Dataset/Cloudy/cloudy35.jpg,Nuageux,615,409
./Multi-class Weather Dataset/Cloudy/cloudy36.jpg,Nuageux,259,194
./Multi-class Weather Dataset/Cloudy/cloudy37.jpg,Nuageux,259,194
./Multi-class Weather Dataset/Cloudy/cloudy38.jpg,Nuageux,768,508
./Multi-class Weather Dataset/Cloudy/cloudy39.jpg,Nuageux,1024,682
./Multi-class Weather Dataset/Cloudy/cloudy4.jpg,Nuageux,800,600
./Multi-class Weather Dataset/Cloudy/cloudy40.jpg,Nuageux,183,275
./Multi-class Weather Dataset/Cloudy/cloudy41.jpg,Nuageux,259,194
./Multi-class Weather Dataset/Cloudy/cloudy42.jpg,Nuageux,260,194
./Multi-class Weather Dataset/Cloudy/cloudy43.jpg,Nuageux,260,194
./Multi-class Weather Dataset/Cloudy/cloudy44.jpg,Nuageux,225,225
./Multi-class Weather Dataset/Cloudy/cloudy45.jpg,Nuageux,260,194
./Multi-class Weather Dataset/Cloudy/cloudy46.jpg,Nuageux,194,259
./Multi-class Weather Dataset/Cloudy/cloudy47.jpg,Nuageux,700,438
./Multi-class Weather Dataset/Cloudy/cloudy48.jpg,Nuageux,259,194
./Multi-class Weather Dataset/Cloudy/cloudy49.jpg,Nuageux,300,168
./Multi-class Weather Dataset/Cloudy/cloudy5.jpg,Nuageux,255,198
./Multi-class Weather Dataset/Cloudy/cloudy50.jpg,Nuageux,273,185
./Multi-class Weather Dataset/Cloudy/cloudy51.jpg,Nuageux,259,194
./Multi-class Weather Dataset/Cloudy/cloudy52.jpg,Nuageux,259,194
./Multi-class Weather Dataset/Cloudy/cloudy53.jpg,Nuageux,250,201
./Multi-class Weather Dataset/Cloudy/cloudy54.jpg,Nuageux,259,194
./Multi-class Weather Dataset/Cloudy/cloudy55.jpg,Nuageux,1600,971
./Multi-class Weather Dataset/Cloudy/cloudy56.jpg,Nuageux,259,194
./Multi-class Weather Dataset/Cloudy/cloudy57.jpg,Nuageux,700,421
./Multi-class Weather Dataset/Cloudy/cloudy58.jpg,Nuageux,500,333
./Multi-class Weather Dataset/Cloudy/cloudy59.jpg,Nuageux,275,183
./Multi-class Weather Dataset/Cloudy/cloudy6.jpg,Nuageux,874,664
./Multi-class Weather Dataset/Cloudy/cloudy60.jpg,Nuageux,1077,1600
./Multi-class Weather Dataset/Cloudy/cloudy61.jpg,Nuageux,272,185
./Multi-class Weather Dataset/Cloudy/cloudy62.jpg,Nuageux,500,309
./Multi-class Weather Dataset/Cloudy/cloudy63.jpg,Nuageux,275,183
./Multi-class Weather Dataset/Cloudy/cloudy64.jpg,Nuageux,480,360
./Multi-class Weather Dataset/Cloudy/cloudy65.jpg,Nuageux,267,189
./Multi-class Weather Dataset/Cloudy/cloudy66.jpg,Nuageux,640,453
./Multi-class Weather Dataset/Cloudy/cloudy67.jpg,Nuageux,224,224
./Multi-class Weather Dataset/Cloudy/cloudy68.jpg,Nuageux,259,194
./Multi-class Weather Dataset/Cloudy/cloudy69.jpg,Nuageux,225,225
./Multi-class Weather Dataset/Cloudy/cloudy7.jpg,Nuageux,640,480
./Multi-class Weather Dataset/Cloudy/cloudy70.jpg,Nuageux,800,540
./Multi-class Weather Dataset/Cloudy/cloudy71.jpg,Nuageux,600,254
./Multi-class Weather Dataset/Cloudy/cloudy72.jpg,Nuageux,800,500
./Multi-class Weather Dataset/Cloudy/cloudy73.jpg,Nuageux,225,225
./Multi-class Weather Dataset/Cloudy/cloudy74.jpg,Nuageux,275,183
./Multi-class Weather Dataset/Cloudy/cloudy75.jpg,Nuageux,900,676
./Multi-class Weather Dataset/Cloudy/cloudy76.jpg,Nuageux,183,275
./Multi-class Weather Dataset/Cloudy/cloudy77.jpg,Nuageux,900,675
./Multi-class Weather Dataset/Cloudy/cloudy78.jpg,Nuageux,259,194
./Multi-class Weather Dataset/Cloudy/cloudy79.jpg,Nuageux,275,183
./Multi-class Weather Dataset/Cloudy/cloudy8.jpg,Nuageux,1024,576
./Multi-class Weather Dataset/Cloudy/cloudy80.jpg,Nuageux,350,200
./Multi-class Weather Dataset/Cloudy/cloudy81.jpg,Nuageux,275,183
./Multi-class Weather Dataset/Cloudy/cloudy82.jpg,Nuageux,1600,1067
./Multi-class Weather Dataset/Cloudy/cloudy83.jpg,Nuageux,852,480
./Multi-class Weather Dataset/Cloudy/cloudy84.jpg,Nuageux,852,480
./Multi-class Weather Dataset/Cloudy/cloudy85.jpg,Nuageux,259,194
./Multi-class Weather Dataset/Cloudy/cloudy86.jpg,Nuageux,259,194
./Multi-class Weather Dataset/Cloudy/cloudy87.jpg,Nuageux,299,168
./Multi-class Weather Dataset/Cloudy/cloudy88.jpg,Nuageux,299,168
./Multi-class Weather Dataset/Cloudy/cloudy89.jpg,Nuageux,852,480
./Multi-class Weather Dataset/Cloudy/cloudy9.jpg,Nuageux,259,194
./Multi-class Weather Dataset/Cloudy/cloudy90.jpg,Nuageux,852,480
./Multi-class Weather Dataset/Cloudy/cloudy91.jpg,Nuageux,273,185
./Multi-class Weather Dataset/Cloudy/cloudy92.jpg,Nuageux,299,168
./Multi-class Weather Dataset/Cloudy/cloudy93.jpg,Nuageux,259,194
./Multi-class Weather Dataset/Cloudy/cloudy94.jpg,Nuageux,500,329
./Multi-class Weather Dataset/Cloudy/cloudy95.jpg,Nuageux,1024,576
./Multi-class Weather Dataset/Cloudy/cloudy96.jpg,Nuageux,299,168
./Multi-class Weather Dataset/Cloudy/cloudy97.jpg,Nuageux,318,159
./Multi-class Weather Dataset/Cloudy/cloudy98.jpg,Nuageux,301,167
./Multi-class Weather Dataset/Cloudy/cloudy99.jpg,Nuageux,259,194
./Multi-class Weather Dataset/Rain/rain1.jpg,Pluvieux,360,270
./Multi-class Weather Dataset/Rain/rain10.jpg,Pluvieux,660,400
./Multi-class Weather Dataset/Rain/rain100.jpg,Pluvieux,2059,1158
./Multi-class Weather Dataset/Rain/rain101.jpg,Pluvieux,600,443
./Multi-class Weather Dataset/Rain/rain102.jpg,Pluvieux,183,275
./Multi-class Weather Dataset/Rain/rain103.jpg,Pluvieux,300,168
./Multi-class Weather Dataset/Rain/rain104.jpg,Pluvieux,650,510
./Multi-class Weather Dataset/Rain/rain105.jpg,Pluvieux,259,194
./Multi-class Weather Dataset/Rain/rain106.jpg,Pluvieux,666,338
./Multi-class Weather Dataset/Rain/rain107.jpg,Pluvieux,580,370
./Multi-class Weather Dataset/Rain/rain108.jpg,Pluvieux,620,376
./Multi-class Weather Dataset/Rain/rain109.jpg,Pluvieux,640,480
./Multi-class Weather Dataset/Rain/rain11.jpg,Pluvieux,759,422
./Multi-class Weather Dataset/Rain/rain110.jpg,Pluvieux,674,441
./Multi-class Weather Dataset/Rain/rain111.jpg,Pluvieux,283,178
./Multi-class Weather Dataset/Rain/rain112.jpg,Pluvieux,284,177
./Multi-class Weather Dataset/Rain/rain113.jpg,Pluvieux,1024,683
./Multi-class Weather Dataset/Rain/rain114.jpg,Pluvieux,275,183
./Multi-class Weather Dataset/Rain/rain115.jpg,Pluvieux,370,305
./Multi-class Weather Dataset/Rain/rain116.jpg,Pluvieux,1023,742
./Multi-class Weather Dataset/Rain/rain117.jpg,Pluvieux,1024,622
./Multi-class Weather Dataset/Rain/rain118.jpg,Pluvieux,960,540
./Multi-class Weather Dataset/Rain/rain119.jpg,Pluvieux,350,200
./Multi-class Weather Dataset/Rain/rain12.jpg,Pluvieux,268,188
./Multi-class Weather Dataset/Rain/rain120.jpg,Pluvieux,268,188
./Multi-class Weather Dataset/Rain/rain121.jpg,Pluvieux,183,275
./Multi-class Weather Dataset/Rain/rain122.jpg,Pluvieux,620,376
./Multi-class Weather Dataset/Rain/rain123.jpg,Pluvieux,680,455
./Multi-class Weather Dataset/Rain/rain124.jpg,Pluvieux,759,422
./Multi-class Weather Dataset/Rain/rain125.jpg,Pluvieux,400,300
./Multi-class Weather Dataset/Rain/rain126.jpg,Pluvieux,595,335
./Multi-class Weather Dataset/Rain/rain127.jpg,Pluvieux,292,173
./Multi-class Weather Dataset/Rain/rain128.jpg,Pluvieux,280,210
./Multi-class Weather Dataset/Rain/rain129.jpg,Pluvieux,700,415
./Multi-class Weather Dataset/Rain/rain13.jpg,Pluvieux,1024,626
./Multi-class Weather Dataset/Rain/rain130.jpg,Pluvieux,600,300
./Multi-class Weather Dataset/Rain/rain131.jpg,Pluvieux,275,183
./Multi-class Weather Dataset/Rain/rain132.jpg,Pluvieux,550,383
./Multi-class Weather Dataset/Rain/rain133.jpg,Pluvieux,800,542
./Multi-class Weather Dataset/Rain/rain134.jpg,Pluvieux,275,183
./Multi-class Weather Dataset/Rain/rain135.jpg,Pluvieux,620,413
./Multi-class Weather Dataset/Rain/rain136.jpg,Pluvieux,590,329
./Multi-class Weather Dataset/Rain/rain137.jpg,Pluvieux,3000,1997
./Multi-class Weather Dataset/Rain/rain138.jpg,Pluvieux,320,180
./Multi-class Weather Dataset/Rain/rain139.jpg,Pluvieux,480,360
./Multi-class Weather Dataset/Rain/rain14.jpg,Pluvieux,500,400
./Multi-class Weather Dataset/Rain/rain140.jpg,Pluvieux,275,183
./Multi-class Weather Dataset/Rain/rain141.jpg,Pluvieux,384,288
./Multi-class Weather Dataset/Rain/rain142.jpg,Pluvieux,640,420
./Multi-class Weather Dataset/Rain/rain143.jpg,Pluvieux,604,272
./Multi-class Weather Dataset/Rain/rain144.jpg,Pluvieux,1600,1200
./Multi-class Weather Dataset/Rain/rain145.jpg,Pluvieux,188,194
./Multi-class Weather Dataset/Rain/rain146.jpg,Pluvieux,650,380
./Multi-class Weather Dataset/Rain/rain147.jpg,Pluvieux,680,365
./Multi-class Weather Dataset/Rain/rain148.jpg,Pluvieux,800,531
./Multi-class Weather Dataset/Rain/rain149.jpg,Pluvieux,276,183
./Multi-class Weather Dataset/Rain/rain15.jpg,Pluvieux,640,480
./Multi-class Weather Dataset/Rain/rain150.jpg,Pluvieux,468,282
./Multi-class Weather Dataset/Rain/rain151.jpg,Pluvieux,300,158
./Multi-class Weather Dataset/Rain/rain152.jpg,Pluvieux,620,413
./Multi-class Weather Dataset/Rain/rain153.jpg,Pluvieux,650,380
./Multi-class Weather Dataset/Rain/rain154.jpg,Pluvieux,260,194
./Multi-class Weather Dataset/Rain/rain155.jpg,Pluvieux,810,455
./Multi-class Weather Dataset/Rain/rain156.jpg,Pluvieux,185,273
./Multi-class Weather Dataset/Rain/rain157.jpg,Pluvieux,300,168
./Multi-class Weather Dataset/Rain/rain158.jpg,Pluvieux,460,307
./Multi-class Weather Dataset/Rain/rain159.jpg,Pluvieux,858,536
./Multi-class Weather Dataset/Rain/rain16.jpg,Pluvieux,480,388
./Multi-class Weather Dataset/Rain/rain160.jpg,Pluvieux,964,859
./Multi-class Weather Dataset/Rain/rain161.jpg,Pluvieux,680,365
./Multi-class Weather Dataset/Rain/rain162.jpg,Pluvieux,480,360
./Multi-class Weather Dataset/Rain/rain163.jpg,Pluvieux,460,288
./Multi-class Weather Dataset/Rain/rain164.jpg,Pluvieux,275,183
./Multi-class Weather Dataset/Rain/rain165.jpg,Pluvieux,550,366
./Multi-class Weather Dataset/Rain/rain166.jpg,Pluvieux,259,194
./Multi-class Weather Dataset/Rain/rain167.jpg,Pluvieux,900,600
./Multi-class Weather Dataset/Rain/rain168.jpg,Pluvieux,273,184
./Multi-class Weather Dataset/Rain/rain169.jpg,Pluvieux,850,532
./Multi-class Weather Dataset/Rain/rain17.jpg,Pluvieux,280,180
./Multi-class Weather Dataset/Rain/rain170.jpg,Pluvieux,692,384
./Multi-class Weather Dataset/Rain/rain171.jpg,Pluvieux,300,225
./Multi-class Weather Dataset/Rain/rain172.jpg,Pluvieux,600,400
./Multi-class Weather Dataset/Rain/rain173.jpg,Pluvieux,326,300
./Multi-class Weather Dataset/Rain/rain174.jpg,Pluvieux,650,400
./Multi-class Weather Dataset/Rain/rain175.jpg,Pluvieux,594,277
./Multi-class Weather Dataset/Rain/rain176.jpg,Pluvieux,1023,576
./Multi-class Weather Dataset/Rain/rain177.jpg,Pluvieux,289,175
./Multi-class Weather Dataset/Rain/rain178.jpg,Pluvieux,648,360
./Multi-class Weather Dataset/Rain/rain179.jpg,Pluvieux,300,168
./Multi-class Weather Dataset/Rain/rain18.jpg,Pluvieux,635,423
./Multi-class Weather Dataset/Rain/rain180.jpg,Pluvieux,640,480
./Multi-class Weather Dataset/Rain/rain181.jpg,Pluvieux,618,416
./Multi-class Weather Dataset/Rain/rain182.jpg,Pluvieux,553,369
./Multi-class Weather Dataset/Rain/rain183.jpg,Pluvieux,630,446
./Multi-class Weather Dataset/Rain/rain184.jpg,Pluvieux,284,177
./Multi-class Weather Dataset/Rain/rain185.jpg,Pluvieux,760,400
./Multi-class Weather Dataset/Rain/rain186.jpg,Pluvieux,768,576
./Multi-class Weather Dataset/Rain/rain187.jpg,Pluvieux,280,160
./Multi-class Weather Dataset/Rain/rain188.jpg,Pluvieux,274,184
./Multi-class Weather Dataset/Rain/rain189.jpg,Pluvieux,290,174
./Multi-class Weather Dataset/Rain/rain19.jpg,Pluvieux,634,422
./Multi-class Weather Dataset/Rain/rain190.jpg,Pluvieux,852,480
./Multi-class Weather Dataset/Rain/rain191.jpg,Pluvieux,259,194
./Multi-class Weather Dataset/Rain/rain192.jpg,Pluvieux,271,186
./Multi-class Weather Dataset/Rain/rain193.jpg,Pluvieux,310,163
./Multi-class Weather Dataset/Rain/rain194.jpg,Pluvieux,259,194
./Multi-class Weather Dataset/Rain/rain195.jpg,Pluvieux,1028,735
./Multi-class Weather Dataset/Rain/rain196.jpg,Pluvieux,275,183
./Multi-class Weather Dataset/Rain/rain197.jpg,Pluvieux,275,183
./Multi-class Weather Dataset/Rain/rain198.jpg,Pluvieux,299,168
./Multi-class Weather Dataset/Rain/rain199.jpg,Pluvieux,651,445
./Multi-class Weather Dataset/Rain/rain2.jpg,Pluvieux,250,225
./Multi-class Weather Dataset/Rain/rain20.jpg,Pluvieux,620,413
./Multi-class Weather Dataset/Rain/rain200.jpg,Pluvieux,612,405
./Multi-class Weather Dataset/Rain/rain201.jpg,Pluvieux,615,414
./Multi-class Weather Dataset/Rain/rain202.jpg,Pluvieux,225,225
./Multi-class Weather Dataset/Rain/rain203.jpg,Pluvieux,600,315
./Multi-class Weather Dataset/Rain/rain204.jpg,Pluvieux,276,183
./Multi-class Weather Dataset/Rain/rain205.jpg,Pluvieux,417,352
./Multi-class Weather Dataset/Rain/rain206.jpg,Pluvieux,275,183
./Multi-class Weather Dataset/Rain/rain207.jpg,Pluvieux,600,600
./Multi-class Weather Dataset/Rain/rain208.jpg,Pluvieux,800,466
./Multi-class Weather Dataset/Rain/rain209.jpg,Pluvieux,2048,1360
./Multi-class Weather Dataset/Rain/rain21.jpg,Pluvieux,620,413
./Multi-class Weather Dataset/Rain/rain210.jpg,Pluvieux,1024,683
./Multi-class Weather Dataset/Rain/rain211.jpg,Pluvieux,960,720
./Multi-class Weather Dataset/Rain/rain212.jpg,Pluvieux,259,194
./Multi-class Weather Dataset/Rain/rain213.jpg,Pluvieux,299,168
./Multi-class Weather Dataset/Rain/rain214.jpg,Pluvieux,299,168
./Multi-class Weather Dataset/Rain/rain215.jpg,Pluvieux,303,171
./Multi-class Weather Dataset/Rain/rain22.jpeg,Pluvieux,3500,2453
./Multi-class Weather Dataset/Rain/rain23.jpg,Pluvieux,635,459
./Multi-class Weather Dataset/Rain/rain24.jpeg,Pluvieux,640,420
./Multi-class Weather Dataset/Rain/rain25.jpg,Pluvieux,1000,746
./Multi-class Weather Dataset/Rain/rain26.jpg,Pluvieux,590,329
./Multi-class Weather Dataset/Rain/rain27.jpg,Pluvieux,275,183
./Multi-class Weather Dataset/Rain/rain28.jpg,Pluvieux,700,415
./Multi-class Weather Dataset/Rain/rain29.jpg,Pluvieux,700,415
./Multi-class Weather Dataset/Rain/rain3.jpg,Pluvieux,274,184
./Multi-class Weather Dataset/Rain/rain30.jpg,Pluvieux,289,174
./Multi-class Weather Dataset/Rain/rain31.jpg,Pluvieux,852,480
./Multi-class Weather Dataset/Rain/rain32.jpg,Pluvieux,236,243
./Multi-class Weather Dataset/Rain/rain33.jpg,Pluvieux,852,480
./Multi-class Weather Dataset/Rain/rain34.jpg,Pluvieux,283,178
./Multi-class Weather Dataset/Rain/rain35.jpg,Pluvieux,299,168
./Multi-class Weather Dataset/Rain/rain36.jpg,Pluvieux,290,174
./Multi-class Weather Dataset/Rain/rain37.jpg,Pluvieux,1600,1067
./Multi-class Weather Dataset/Rain/rain38.jpg,Pluvieux,259,194
./Multi-class Weather Dataset/Rain/rain39.jpg,Pluvieux,400,224
./Multi-class Weather Dataset/Rain/rain4.jpg,Pluvieux,275,183
./Multi-class Weather Dataset/Rain/rain40.jpg,Pluvieux,289,175
./Multi-class Weather Dataset/Rain/rain41.jpg,Pluvieux,900,506
./Multi-class Weather Dataset/Rain/rain42.jpg,Pluvieux,468,351
./Multi-class Weather Dataset/Rain/rain43.jpg,Pluvieux,450,300
./Multi-class Weather Dataset/Rain/rain44.jpg,Pluvieux,268,188
./Multi-class Weather Dataset/Rain/rain45.jpg,Pluvieux,266,190
./Multi-class Weather Dataset/Rain/rain46.jpg,Pluvieux,852,480
./Multi-class Weather Dataset/Rain/rain47.jpg,Pluvieux,852,480
./Multi-class Weather Dataset/Rain/rain48.jpg,Pluvieux,852,480
./Multi-class Weather Dataset/Rain/rain49.jpg,Pluvieux,590,332
./Multi-class Weather Dataset/Rain/rain5.jpg,Pluvieux,300,168
./Multi-class Weather Dataset/Rain/rain50.jpg,Pluvieux,852,480
./Multi-class Weather Dataset/Rain/rain51.jpg,Pluvieux,759,422
./Multi-class Weather Dataset/Rain/rain52.jpg,Pluvieux,2244,1458
./Multi-class Weather Dataset/Rain/rain53.jpg,Pluvieux,725,400
./Multi-class Weather Dataset/Rain/rain54.jpg,Pluvieux,870,488
./Multi-class Weather Dataset/Rain/rain55.jpg,Pluvieux,640,402
./Multi-class Weather Dataset/Rain/rain56.jpg,Pluvieux,615,409
./Multi-class Weather Dataset/Rain/rain57.jpg,Pluvieux,300,354
./Multi-class Weather Dataset/Rain/rain58.jpg,Pluvieux,320,180
./Multi-class Weather Dataset/Rain/rain59.jpg,Pluvieux,300,168
./Multi-class Weather Dataset/Rain/rain6.jpg,Pluvieux,299,168
./Multi-class Weather Dataset/Rain/rain60.jpg,Pluvieux,480,360
./Multi-class Weather Dataset/Rain/rain61.jpg,Pluvieux,300,168
./Multi-class Weather Dataset/Rain/rain62.jpg,Pluvieux,253,199
./Multi-class Weather Dataset/Rain/rain63.jpg,Pluvieux,1191,670
./Multi-class Weather Dataset/Rain/rain64.jpg,Pluvieux,852,480
./Multi-class Weather Dataset/Rain/rain65.jpg,Pluvieux,300,168
./Multi-class Weather Dataset/Rain/rain66.jpg,Pluvieux,284,177
./Multi-class Weather Dataset/Rain/rain67.jpg,Pluvieux,800,533
./Multi-class Weather Dataset/Rain/rain68.jpg,Pluvieux,300,168
./Multi-class Weather Dataset/Rain/rain69.jpg,Pluvieux,1600,900
./Multi-class Weather Dataset/Rain/rain7.jpg,Pluvieux,259,194
./Multi-class Weather Dataset/Rain/rain70.jpg,Pluvieux,299,168
./Multi-class Weather Dataset/Rain/rain71.jpg,Pluvieux,320,221
./Multi-class Weather Dataset/Rain/rain72.jpg,Pluvieux,3000,2034
./Multi-class Weather Dataset/Rain/rain73.jpg,Pluvieux,360,270
./Multi-class Weather Dataset/Rain/rain74.jpg,Pluvieux,250,225
./Multi-class Weather Dataset/Rain/rain75.jpg,Pluvieux,600,400
./Multi-class Weather Dataset/Rain/rain76.jpg,Pluvieux,650,487
./Multi-class Weather Dataset/Rain/rain77.jpg,Pluvieux,800,480
./Multi-class Weather Dataset/Rain/rain78.jpg,Pluvieux,275,183
./Multi-class Weather Dataset/Rain/rain79.jpg,Pluvieux,300,168
./Multi-class Weather Dataset/Rain/rain8.jpg,Pluvieux,570,400
./Multi-class Weather Dataset/Rain/rain80.jpg,Pluvieux,2354,1325
./Multi-class Weather Dataset/Rain/rain81.jpg,Pluvieux,800,600
./Multi-class Weather Dataset/Rain/rain82.jpg,Pluvieux,259,194
./Multi-class Weather Dataset/Rain/rain83.jpg,Pluvieux,1668,1500
./Multi-class Weather Dataset/Rain/rain84.jpg,Pluvieux,284,177
./Multi-class Weather Dataset/Rain/rain85.jpg,Pluvieux,1920,1080
./Multi-class Weather Dataset/Rain/rain86.jpg,Pluvieux,852,480
./Multi-class Weather Dataset/Rain/rain87.jpg,Pluvieux,852,480
./Multi-class Weather Dataset/Rain/rain88.jpg,Pluvieux,1920,1080
./Multi-class Weather Dataset/Rain/rain89.jpg,Pluvieux,276,183
./Multi-class Weather Dataset/Rain/rain9.jpg,Pluvieux,292,173
./Multi-class Weather Dataset/Rain/rain90.jpg,Pluvieux,4288,2848
./Multi-class Weather Dataset/Rain/rain91.jpg,Pluvieux,281,180
./Multi-class Weather Dataset/Rain/rain92.jpg,Pluvieux,259,194
./Multi-class Weather Dataset/Rain/rain93.jpg,Pluvieux,310,163
./Multi-class Weather Dataset/Rain/rain94.jpg,Pluvieux,1280,720
./Multi-class Weather Dataset/Rain/rain95.jpg,Pluvieux,259,194
./Multi-class Weather Dataset/Rain/rain96.jpg,Pluvieux,700,415
./Multi-class Weather Dataset/Rain/rain97.jpg,Pluvieux,539,303
./Multi-class Weather Dataset/Rain/rain98.jpg,Pluvieux,275,183
./Multi-class Weather Dataset/Rain/rain99.jpg,Pluvieux,275,183
./Multi-class Weather Dataset/Shine/shine1.jpg,Ensoleillé,1920,1080
./Multi-class Weather Dataset/Shine/shine10.jpg,Ensoleillé,168,300
./Multi-class Weather Dataset/Shine/shine100.jpg,Ensoleillé,480,640
./Multi-class Weather Dataset/Shine/shine101.jpg,Ensoleillé,284,177
./Multi-class Weather Dataset/Shine/shine102.jpg,Ensoleillé,688,456
./Multi-class Weather Dataset/Shine/shine103.jpg,Ensoleillé,275,183
./Multi-class Weather Dataset/Shine/shine104.jpg,Ensoleillé,300,168
./Multi-class Weather Dataset/Shine/shine105.jpg,Ensoleillé,644,402
./Multi-class Weather Dataset/Shine/shine106.jpg,Ensoleillé,300,168
./Multi-class Weather Dataset/Shine/shine107.jpg,Ensoleillé,275,183
./Multi-class Weather Dataset/Shine/shine108.jpg,Ensoleillé,300,168
./Multi-class Weather Dataset/Shine/shine109.jpg,Ensoleillé,274,184
./Multi-class Weather Dataset/Shine/shine11.jpg,Ensoleillé,183,275
./Multi-class Weather Dataset/Shine/shine110.jpg,Ensoleillé,278,181
./Multi-class Weather Dataset/Shine/shine111.jpg,Ensoleillé,275,183
./Multi-class Weather Dataset/Shine/shine112.jpg,Ensoleillé,691,461
./Multi-class Weather Dataset/Shine/shine113.jpg,Ensoleillé,1920,1200
./Multi-class Weather Dataset/Shine/shine114.jpg,Ensoleillé,259,194
./Multi-class Weather Dataset/Shine/shine115.jpg,Ensoleillé,852,480
./Multi-class Weather Dataset/Shine/shine116.jpg,Ensoleillé,550,413
./Multi-class Weather Dataset/Shine/shine117.jpg,Ensoleillé,300,168
./Multi-class Weather Dataset/Shine/shine118.jpg,Ensoleillé,440,330
./Multi-class Weather Dataset/Shine/shine119.jpg,Ensoleillé,350,200
./Multi-class Weather Dataset/Shine/shine12.jpg,Ensoleillé,284,177
./Multi-class Weather Dataset/Shine/shine120.jpg,Ensoleillé,284,177
./Multi-class Weather Dataset/Shine/shine121.jpg,Ensoleillé,1920,1080
./Multi-class Weather Dataset/Shine/shine122.jpg,Ensoleillé,300,168
./Multi-class Weather Dataset/Shine/shine123.jpg,Ensoleillé,240,180
./Multi-class Weather Dataset/Shine/shine124.jpg,Ensoleillé,180,140
./Multi-class Weather Dataset/Shine/shine125.jpg,Ensoleillé,1024,768
./Multi-class Weather Dataset/Shine/shine126.jpg,Ensoleillé,287,175
./Multi-class Weather Dataset/Shine/shine127.jpg,Ensoleillé,284,177
./Multi-class Weather Dataset/Shine/shine128.jpg,Ensoleillé,318,247
./Multi-class Weather Dataset/Shine/shine129.jpg,Ensoleillé,620,413
./Multi-class Weather Dataset/Shine/shine13.jpg,Ensoleillé,284,177
./Multi-class Weather Dataset/Shine/shine130.jpg,Ensoleillé,300,168
./Multi-class Weather Dataset/Shine/shine131.jpg,Ensoleillé,480,360
./Multi-class Weather Dataset/Shine/shine132.jpg,Ensoleillé,300,168
./Multi-class Weather Dataset/Shine/shine133.jpg,Ensoleillé,600,450
./Multi-class Weather Dataset/Shine/shine134.jpg,Ensoleillé,267,189
./Multi-class Weather Dataset/Shine/shine135.jpg,Ensoleillé,238,212
./Multi-class Weather Dataset/Shine/shine136.jpg,Ensoleillé,608,458
./Multi-class Weather Dataset/Shine/shine137.jpg,Ensoleillé,259,194
./Multi-class Weather Dataset/Shine/shine138.jpg,Ensoleillé,290,174
./Multi-class Weather Dataset/Shine/shine139.jpg,Ensoleillé,259,194
./Multi-class Weather Dataset/Shine/shine14.jpg,Ensoleillé,276,183
./Multi-class Weather Dataset/Shine/shine140.jpg,Ensoleillé,1200,680
./Multi-class Weather Dataset/Shine/shine141.jpg,Ensoleillé,600,360
./Multi-class Weather Dataset/Shine/shine142.jpg,Ensoleillé,450,300
./Multi-class Weather Dataset/Shine/shine143.jpg,Ensoleillé,852,480
./Multi-class Weather Dataset/Shine/shine144.jpg,Ensoleillé,852,480
./Multi-class Weather Dataset/Shine/shine145.jpg,Ensoleillé,259,194
./Multi-class Weather Dataset/Shine/shine146.jpg,Ensoleillé,840,560
./Multi-class Weather Dataset/Shine/shine147.jpg,Ensoleillé,250,156
./Multi-class Weather Dataset/Shine/shine148.jpg,Ensoleillé,232,174
./Multi-class Weather Dataset/Shine/shine149.jpg,Ensoleillé,242,182
./Multi-class Weather Dataset/Shine/shine15.jpg,Ensoleillé,275,183
./Multi-class Weather Dataset/Shine/shine150.jpg,Ensoleillé,283,159
./Multi-class Weather Dataset/Shine/shine151.jpg,Ensoleillé,283,159
./Multi-class Weather Dataset/Shine/shine152.jpg,Ensoleillé,258,161
./Multi-class Weather Dataset/Shine/shine153.jpg,Ensoleillé,235,157
./Multi-class Weather Dataset/Shine/shine154.jpg,Ensoleillé,327,135
./Multi-class Weather Dataset/Shine/shine155.jpg,Ensoleillé,231,154
./Multi-class Weather Dataset/Shine/shine156.jpg,Ensoleillé,244,151
./Multi-class Weather Dataset/Shine/shine157.jpg,Ensoleillé,314,177
./Multi-class Weather Dataset/Shine/shine158.jpg,Ensoleillé,269,168
./Multi-class Weather Dataset/Shine/shine159.jpg,Ensoleillé,244,173
./Multi-class Weather Dataset/Shine/shine16.jpg,Ensoleillé,283,178
./Multi-class Weather Dataset/Shine/shine160.jpg,Ensoleillé,180,178
./Multi-class Weather Dataset/Shine/shine161.jpg,Ensoleillé,307,173
./Multi-class Weather Dataset/Shine/shine162.jpg,Ensoleillé,262,161
./Multi-class Weather Dataset/Shine/shine163.jpg,Ensoleillé,266,166
./Multi-class Weather Dataset/Shine/shine164.jpg,Ensoleillé,281,183
./Multi-class Weather Dataset/Shine/shine165.jpg,Ensoleillé,209,169
./Multi-class Weather Dataset/Shine/shine166.jpg,Ensoleillé,243,162
./Multi-class Weather Dataset/Shine/shine167.jpg,Ensoleillé,300,188
./Multi-class Weather Dataset/Shine/shine168.jpg,Ensoleillé,253,168
./Multi-class Weather Dataset/Shine/shine169.jpg,Ensoleillé,223,165
./Multi-class Weather Dataset/Shine/shine17.jpg,Ensoleillé,275,183
./Multi-class Weather Dataset/Shine/shine170.jpg,Ensoleillé,245,164
./Multi-class Weather Dataset/Shine/shine171.jpg,Ensoleillé,271,179
./Multi-class Weather Dataset/Shine/shine172.jpg,Ensoleillé,184,183
./Multi-class Weather Dataset/Shine/shine173.jpg,Ensoleillé,231,154
./Multi-class Weather Dataset/Shine/shine174.jpg,Ensoleillé,239,180
./Multi-class Weather Dataset/Shine/shine175.jpg,Ensoleillé,274,171
./Multi-class Weather Dataset/Shine/shine176.jpg,Ensoleillé,314,177
./Multi-class Weather Dataset/Shine/shine177.jpg,Ensoleillé,199,155
./Multi-class Weather Dataset/Shine/shine178.jpg,Ensoleillé,275,155
./Multi-class Weather Dataset/Shine/shine179.jpg,Ensoleillé,280,175
./Multi-class Weather Dataset/Shine/shine18.jpg,Ensoleillé,1024,768
./Multi-class Weather Dataset/Shine/shine180.jpg,Ensoleillé,244,183
./Multi-class Weather Dataset/Shine/shine181.jpg,Ensoleillé,259,172
./Multi-class Weather Dataset/Shine/shine182.jpg,Ensoleillé,300,167
./Multi-class Weather Dataset/Shine/shine183.jpg,Ensoleillé,300,111
./Multi-class Weather Dataset/Shine/shine184.jpg,Ensoleillé,252,168
./Multi-class Weather Dataset/Shine/shine185.jpg,Ensoleillé,221,166
./Multi-class Weather Dataset/Shine/shine186.jpg,Ensoleillé,158,153
./Multi-class Weather Dataset/Shine/shine187.jpg,Ensoleillé,275,155
./Multi-class Weather Dataset/Shine/shine188.jpg,Ensoleillé,264,165
./Multi-class Weather Dataset/Shine/shine189.jpg,Ensoleillé,244,153
./Multi-class Weather Dataset/Shine/shine19.jpg,Ensoleillé,286,176
./Multi-class Weather Dataset/Shine/shine190.jpg,Ensoleillé,198,159
./Multi-class Weather Dataset/Shine/shine191.jpg,Ensoleillé,257,161
./Multi-class Weather Dataset/Shine/shine192.jpg,Ensoleillé,168,162
./Multi-class Weather Dataset/Shine/shine193.jpg,Ensoleillé,275,174
./Multi-class Weather Dataset/Shine/shine194.jpg,Ensoleillé,254,170
./Multi-class Weather Dataset/Shine/shine195.jpg,Ensoleillé,245,158
./Multi-class Weather Dataset/Shine/shine196.jpg,Ensoleillé,245,153
./Multi-class Weather Dataset/Shine/shine197.jpg,Ensoleillé,300,172
./Multi-class Weather Dataset/Shine/shine198.jpg,Ensoleillé,235,178
./Multi-class Weather Dataset/Shine/shine199.jpg,Ensoleillé,263,164
./Multi-class Weather Dataset/Shine/shine2.jpg,Ensoleillé,300,168
./Multi-class Weather Dataset/Shine/shine20.jpg,Ensoleillé,259,194
./Multi-class Weather Dataset/Shine/shine200.jpg,Ensoleillé,228,171
./Multi-class Weather Dataset/Shine/shine201.jpg,Ensoleillé,263,164
./Multi-class Weather Dataset/Shine/shine202.jpg,Ensoleillé,225,169
./Multi-class Weather Dataset/Shine/shine203.jpg,Ensoleillé,230,164
./Multi-class Weather Dataset/Shine/shine204.jpg,Ensoleillé,288,162
./Multi-class Weather Dataset/Shine/shine205.jpg,Ensoleillé,282,176
./Multi-class Weather Dataset/Shine/shine206.jpg,Ensoleillé,287,161
./Multi-class Weather Dataset/Shine/shine207.jpg,Ensoleillé,300,168
./Multi-class Weather Dataset/Shine/shine208.jpg,Ensoleillé,266,166
./Multi-class Weather Dataset/Shine/shine209.jpg,Ensoleillé,200,300
./Multi-class Weather Dataset/Shine/shine21.jpg,Ensoleillé,300,168
./Multi-class Weather Dataset/Shine/shine210.jpg,Ensoleillé,238,179
./Multi-class Weather Dataset/Shine/shine211.jpg,Ensoleillé,248,251
./Multi-class Weather Dataset/Shine/shine212.jpg,Ensoleillé,220,165
./Multi-class Weather Dataset/Shine/shine213.jpg,Ensoleillé,259,162
./Multi-class Weather Dataset/Shine/shine214.jpg,Ensoleillé,206,155
./Multi-class Weather Dataset/Shine/shine215.jpg,Ensoleillé,273,182
./Multi-class Weather Dataset/Shine/shine216.jpg,Ensoleillé,230,153
./Multi-class Weather Dataset/Shine/shine217.jpg,Ensoleillé,270,169
./Multi-class Weather Dataset/Shine/shine218.jpg,Ensoleillé,226,181
./Multi-class Weather Dataset/Shine/shine219.jpg,Ensoleillé,241,151
./Multi-class Weather Dataset/Shine/shine22.jpg,Ensoleillé,225,225
./Multi-class Weather Dataset/Shine/shine220.jpg,Ensoleillé,219,180
./Multi-class Weather Dataset/Shine/shine221.jpg,Ensoleillé,240,160
./Multi-class Weather Dataset/Shine/shine222.jpg,Ensoleillé,269,180
./Multi-class Weather Dataset/Shine/shine223.jpg,Ensoleillé,261,174
./Multi-class Weather Dataset/Shine/shine224.jpg,Ensoleillé,300,168
./Multi-class Weather Dataset/Shine/shine225.jpg,Ensoleillé,227,152
./Multi-class Weather Dataset/Shine/shine226.jpg,Ensoleillé,229,171
./Multi-class Weather Dataset/Shine/shine227.jpg,Ensoleillé,263,164
./Multi-class Weather Dataset/Shine/shine228.jpg,Ensoleillé,290,161
./Multi-class Weather Dataset/Shine/shine229.jpg,Ensoleillé,221,166
./Multi-class Weather Dataset/Shine/shine23.jpg,Ensoleillé,259,194
./Multi-class Weather Dataset/Shine/shine230.jpg,Ensoleillé,230,168
./Multi-class Weather Dataset/Shine/shine231.jpg,Ensoleillé,252,168
./Multi-class Weather Dataset/Shine/shine232.jpg,Ensoleillé,280,175
./Multi-class Weather Dataset/Shine/shine233.jpg,Ensoleillé,221,166
./Multi-class Weather Dataset/Shine/shine234.jpg,Ensoleillé,237,177
./Multi-class Weather Dataset/Shine/shine235.jpg,Ensoleillé,235,156
./Multi-class Weather Dataset/Shine/shine236.jpg,Ensoleillé,237,157
./Multi-class Weather Dataset/Shine/shine237.jpg,Ensoleillé,220,165
./Multi-class Weather Dataset/Shine/shine238.jpg,Ensoleillé,263,164
./Multi-class Weather Dataset/Shine/shine239.jpg,Ensoleillé,211,172
./Multi-class Weather Dataset/Shine/shine24.jpg,Ensoleillé,852,480
./Multi-class Weather Dataset/Shine/shine240.jpg,Ensoleillé,307,173
./Multi-class Weather Dataset/Shine/shine241.jpg,Ensoleillé,325,183
./Multi-class Weather Dataset/Shine/shine242.jpg,Ensoleillé,260,163
./Multi-class Weather Dataset/Shine/shine243.jpg,Ensoleillé,300,168
./Multi-class Weather Dataset/Shine/shine244.jpg,Ensoleillé,300,168
./Multi-class Weather Dataset/Shine/shine245.jpg,Ensoleillé,261,174
./Multi-class Weather Dataset/Shine/shine246.jpg,Ensoleillé,300,168
./Multi-class Weather Dataset/Shine/shine247.jpg,Ensoleillé,204,153
./Multi-class Weather Dataset/Shine/shine248.jpg,Ensoleillé,221,166
./Multi-class Weather Dataset/Shine/shine249.jpg,Ensoleillé,264,154
./Multi-class Weather Dataset/Shine/shine25.jpg,Ensoleillé,852,480
./Multi-class Weather Dataset/Shine/shine250.jpg,Ensoleillé,233,175
./Multi-class Weather Dataset/Shine/shine251.jpg,Ensoleillé,302,170
./Multi-class Weather Dataset/Shine/shine252.jpg,Ensoleillé,250,156
./Multi-class Weather Dataset/Shine/shine253.jpg,Ensoleillé,367,137
./Multi-class Weather Dataset/Shine/shine26.jpg,Ensoleillé,299,168
./Multi-class Weather Dataset/Shine/shine27.jpg,Ensoleillé,183,275
./Multi-class Weather Dataset/Shine/shine28.jpg,Ensoleillé,400,226
./Multi-class Weather Dataset/Shine/shine29.jpg,Ensoleillé,275,183
./Multi-class Weather Dataset/Shine/shine3.jpg,Ensoleillé,275,183
./Multi-class Weather Dataset/Shine/shine30.jpg,Ensoleillé,1024,839
./Multi-class Weather Dataset/Shine/shine31.jpg,Ensoleillé,225,225
./Multi-class Weather Dataset/Shine/shine32.jpg,Ensoleillé,189,267
./Multi-class Weather Dataset/Shine/shine33.jpg,Ensoleillé,225,225
./Multi-class Weather Dataset/Shine/shine34.jpg,Ensoleillé,259,194
./Multi-class Weather Dataset/Shine/shine35.jpg,Ensoleillé,284,177
./Multi-class Weather Dataset/Shine/shine36.jpg,Ensoleillé,300,168
./Multi-class Weather Dataset/Shine/shine37.jpg,Ensoleillé,225,225
./Multi-class Weather Dataset/Shine/shine38.jpg,Ensoleillé,284,177
./Multi-class Weather Dataset/Shine/shine39.jpg,Ensoleillé,299,168
./Multi-class Weather Dataset/Shine/shine4.jpg,Ensoleillé,400,300
./Multi-class Weather Dataset/Shine/shine40.jpg,Ensoleillé,259,194
./Multi-class Weather Dataset/Shine/shine41.jpg,Ensoleillé,299,168
./Multi-class Weather Dataset/Shine/shine42.jpg,Ensoleillé,183,275
./Multi-class Weather Dataset/Shine/shine43.jpg,Ensoleillé,299,168
./Multi-class Weather Dataset/Shine/shine44.jpg,Ensoleillé,299,168
./Multi-class Weather Dataset/Shine/shine45.jpg,Ensoleillé,299,168
./Multi-class Weather Dataset/Shine/shine46.jpg,Ensoleillé,259,194
./Multi-class Weather Dataset/Shine/shine47.jpg,Ensoleillé,299,168
./Multi-class Weather Dataset/Shine/shine48.jpg,Ensoleillé,275,183
./Multi-class Weather Dataset/Shine/shine49.jpg,Ensoleillé,900,596
./Multi-class Weather Dataset/Shine/shine5.jpg,Ensoleillé,300,168
./Multi-class Weather Dataset/Shine/shine50.jpg,Ensoleillé,300,168
./Multi-class Weather Dataset/Shine/shine51.jpg,Ensoleillé,284,177
./Multi-class Weather Dataset/Shine/shine52.jpg,Ensoleillé,284,177
./Multi-class Weather Dataset/Shine/shine53.jpg,Ensoleillé,284,177
./Multi-class Weather Dataset/Shine/shine54.jpg,Ensoleillé,500,346
./Multi-class Weather Dataset/Shine/shine55.jpg,Ensoleillé,1680,1050
./Multi-class Weather Dataset/Shine/shine56.jpg,Ensoleillé,2048,1536
./Multi-class Weather Dataset/Shine/shine57.jpg,Ensoleillé,259,194
./Multi-class Weather Dataset/Shine/shine58.jpg,Ensoleillé,350,200
./Multi-class Weather Dataset/Shine/shine59.jpg,Ensoleillé,720,537
./Multi-class Weather Dataset/Shine/shine6.jpg,Ensoleillé,1024,768
./Multi-class Weather Dataset/Shine/shine60.jpg,Ensoleillé,600,315
./Multi-class Weather Dataset/Shine/shine61.jpg,Ensoleillé,284,177
./Multi-class Weather Dataset/Shine/shine62.jpg,Ensoleillé,2000,1125
./Multi-class Weather Dataset/Shine/shine63.jpg,Ensoleillé,1000,667
./Multi-class Weather Dataset/Shine/shine64.jpg,Ensoleillé,800,426
./Multi-class Weather Dataset/Shine/shine65.jpg,Ensoleillé,1600,1200
./Multi-class Weather Dataset/Shine/shine66.jpg,Ensoleillé,275,183
./Multi-class Weather Dataset/Shine/shine67.jpg,Ensoleillé,1920,1080
./Multi-class Weather Dataset/Shine/shine68.jpg,Ensoleillé,300,168
./Multi-class Weather Dataset/Shine/shine69.jpg,Ensoleillé,640,430
./Multi-class Weather Dataset/Shine/shine7.jpg,Ensoleillé,259,194
./Multi-class Weather Dataset/Shine/shine70.jpg,Ensoleillé,284,177
./Multi-class Weather Dataset/Shine/shine71.jpg,Ensoleillé,318,159
./Multi-class Weather Dataset/Shine/shine72.jpg,Ensoleillé,1920,1080
./Multi-class Weather Dataset/Shine/shine73.jpg,Ensoleillé,640,359
./Multi-class Weather Dataset/Shine/shine74.jpg,Ensoleillé,275,183
./Multi-class Weather Dataset/Shine/shine75.jpg,Ensoleillé,620,464
./Multi-class Weather Dataset/Shine/shine76.jpg,Ensoleillé,1024,683
./Multi-class Weather Dataset/Shine/shine77.jpg,Ensoleillé,1080,1080
./Multi-class Weather Dataset/Shine/shine78.jpg,Ensoleillé,1080,1080
./Multi-class Weather Dataset/Shine/shine79.jpg,Ensoleillé,852,480
./Multi-class Weather Dataset/Shine/shine8.jpg,Ensoleillé,284,177
./Multi-class Weather Dataset/Shine/shine80.jpg,Ensoleillé,225,225
./Multi-class Weather Dataset/Shine/shine81.jpg,Ensoleillé,320,480
./Multi-class Weather Dataset/Shine/shine82.jpg,Ensoleillé,287,176
./Multi-class Weather Dataset/Shine/shine83.jpg,Ensoleillé,615,409
./Multi-class Weather Dataset/Shine/shine84.jpg,Ensoleillé,224,225
./Multi-class Weather Dataset/Shine/shine85.jpg,Ensoleillé,852,480
./Multi-class Weather Dataset/Shine/shine86.jpg,Ensoleillé,227,222
./Multi-class Weather Dataset/Shine/shine87.jpg,Ensoleillé,284,177
./Multi-class Weather Dataset/Shine/shine88.jpg,Ensoleillé,284,177
./Multi-class Weather Dataset/Shine/shine89.jpg,Ensoleillé,299,168
./Multi-class Weather Dataset/Shine/shine9.jpg,Ensoleillé,1600,1200
./Multi-class Weather Dataset/Shine/shine90.jpg,Ensoleillé,259,194
./Multi-class Weather Dataset/Shine/shine91.jpg,Ensoleillé,240,160
./Multi-class Weather Dataset/Shine/shine92.jpg,Ensoleillé,936,526
./Multi-class Weather Dataset/Shine/shine93.jpg,Ensoleillé,325,155
./Multi-class Weather Dataset/Shine/shine94.jpg,Ensoleillé,2880,1800
./Multi-class Weather Dataset/Shine/shine95.jpg,Ensoleillé,284,177
./Multi-class Weather Dataset/Shine/shine96.jpg,Ensoleillé,1000,667
./Multi-class Weather Dataset/Shine/shine97.jpg,Ensoleillé,1024,576
./Multi-class Weather Dataset/Shine/shine98.jpg,Ensoleillé,900,596
./Multi-class Weather Dataset/Shine/shine99.jpg,Ensoleillé,261,193
./Multi-class Weather Dataset/Sunrise/sunrise1.jpg,Lever du soleil,750,500
./Multi-class Weather Dataset/Sunrise/sunrise10.jpg,Lever du soleil,2304,1728
./Multi-class Weather Dataset/Sunrise/sunrise100.jpg,Lever du soleil,360,240
./Multi-class Weather Dataset/Sunrise/sunrise101.jpg,Lever du soleil,620,400
./Multi-class Weather Dataset/Sunrise/sunrise102.jpg,Lever du soleil,240,160
./Multi-class Weather Dataset/Sunrise/sunrise103.jpg,Lever du soleil,275,183
./Multi-class Weather Dataset/Sunrise/sunrise104.jpg,Lever du soleil,376,250
./Multi-class Weather Dataset/Sunrise/sunrise105.jpg,Lever du soleil,660,495
./Multi-class Weather Dataset/Sunrise/sunrise106.jpg,Lever du soleil,1024,768
./Multi-class Weather Dataset/Sunrise/sunrise107.jpg,Lever du soleil,259,194
./Multi-class Weather Dataset/Sunrise/sunrise108.jpg,Lever du soleil,300,168
./Multi-class Weather Dataset/Sunrise/sunrise109.jpg,Lever du soleil,790,555
./Multi-class Weather Dataset/Sunrise/sunrise11.jpg,Lever du soleil,259,194
./Multi-class Weather Dataset/Sunrise/sunrise110.jpg,Lever du soleil,1280,853
./Multi-class Weather Dataset/Sunrise/sunrise111.jpg,Lever du soleil,259,194
./Multi-class Weather Dataset/Sunrise/sunrise112.jpg,Lever du soleil,225,225
./Multi-class Weather Dataset/Sunrise/sunrise113.jpg,Lever du soleil,275,183
./Multi-class Weather Dataset/Sunrise/sunrise114.jpg,Lever du soleil,1280,720
./Multi-class Weather Dataset/Sunrise/sunrise115.jpg,Lever du soleil,299,169
./Multi-class Weather Dataset/Sunrise/sunrise116.jpg,Lever du soleil,2560,1600
./Multi-class Weather Dataset/Sunrise/sunrise117.jpg,Lever du soleil,400,231
./Multi-class Weather Dataset/Sunrise/sunrise118.jpg,Lever du soleil,1440,900
./Multi-class Weather Dataset/Sunrise/sunrise119.jpg,Lever du soleil,284,177
./Multi-class Weather Dataset/Sunrise/sunrise12.jpg,Lever du soleil,480,360
./Multi-class Weather Dataset/Sunrise/sunrise120.jpg,Lever du soleil,450,338
./Multi-class Weather Dataset/Sunrise/sunrise121.jpg,Lever du soleil,259,194
./Multi-class Weather Dataset/Sunrise/sunrise122.jpg,Lever du soleil,300,168
./Multi-class Weather Dataset/Sunrise/sunrise123.jpg,Lever du soleil,1920,1440
./Multi-class Weather Dataset/Sunrise/sunrise124.jpg,Lever du soleil,745,556
./Multi-class Weather Dataset/Sunrise/sunrise125.jpg,Lever du soleil,1024,557
./Multi-class Weather Dataset/Sunrise/sunrise126.jpg,Lever du soleil,190,265
./Multi-class Weather Dataset/Sunrise/sunrise127.jpg,Lever du soleil,300,168
./Multi-class Weather Dataset/Sunrise/sunrise128.jpg,Lever du soleil,284,177
./Multi-class Weather Dataset/Sunrise/sunrise129.jpg,Lever du soleil,259,194
./Multi-class Weather Dataset/Sunrise/sunrise13.jpg,Lever du soleil,480,360
./Multi-class Weather Dataset/Sunrise/sunrise130.jpg,Lever du soleil,260,194
./Multi-class Weather Dataset/Sunrise/sunrise131.jpg,Lever du soleil,1600,1200
./Multi-class Weather Dataset/Sunrise/sunrise132.jpg,Lever du soleil,194,259
./Multi-class Weather Dataset/Sunrise/sunrise133.jpg,Lever du soleil,259,194
./Multi-class Weather Dataset/Sunrise/sunrise134.jpg,Lever du soleil,284,177
./Multi-class Weather Dataset/Sunrise/sunrise135.jpg,Lever du soleil,900,600
./Multi-class Weather Dataset/Sunrise/sunrise136.jpg,Lever du soleil,1022,682
./Multi-class Weather Dataset/Sunrise/sunrise137.jpg,Lever du soleil,320,213
./Multi-class Weather Dataset/Sunrise/sunrise138.jpg,Lever du soleil,284,177
./Multi-class Weather Dataset/Sunrise/sunrise139.jpg,Lever du soleil,350,263
./Multi-class Weather Dataset/Sunrise/sunrise14.jpg,Lever du soleil,1000,667
./Multi-class Weather Dataset/Sunrise/sunrise140.jpg,Lever du soleil,420,320
./Multi-class Weather Dataset/Sunrise/sunrise141.jpg,Lever du soleil,225,225
./Multi-class Weather Dataset/Sunrise/sunrise142.jpg,Lever du soleil,275,183
./Multi-class Weather Dataset/Sunrise/sunrise143.jpg,Lever du soleil,1920,1200
./Multi-class Weather Dataset/Sunrise/sunrise144.jpg,Lever du soleil,300,168
./Multi-class Weather Dataset/Sunrise/sunrise145.jpg,Lever du soleil,344,147
./Multi-class Weather Dataset/Sunrise/sunrise146.jpg,Lever du soleil,284,177
./Multi-class Weather Dataset/Sunrise/sunrise147.jpg,Lever du soleil,259,194
./Multi-class Weather Dataset/Sunrise/sunrise148.jpg,Lever du soleil,284,177
./Multi-class Weather Dataset/Sunrise/sunrise149.jpg,Lever du soleil,269,188
./Multi-class Weather Dataset/Sunrise/sunrise15.jpg,Lever du soleil,300,168
./Multi-class Weather Dataset/Sunrise/sunrise150.jpg,Lever du soleil,300,168
./Multi-class Weather Dataset/Sunrise/sunrise151.jpg,Lever du soleil,280,210
./Multi-class Weather Dataset/Sunrise/sunrise152.jpg,Lever du soleil,1920,1080
./Multi-class Weather Dataset/Sunrise/sunrise153.jpg,Lever du soleil,300,168
./Multi-class Weather Dataset/Sunrise/sunrise154.jpg,Lever du soleil,1024,768
./Multi-class Weather Dataset/Sunrise/sunrise155.jpg,Lever du soleil,1000,667
./Multi-class Weather Dataset/Sunrise/sunrise156.jpg,Lever du soleil,280,180
./Multi-class Weather Dataset/Sunrise/sunrise157.jpg,Lever du soleil,2560,1600
./Multi-class Weather Dataset/Sunrise/sunrise158.jpg,Lever du soleil,275,183
./Multi-class Weather Dataset/Sunrise/sunrise159.jpg,Lever du soleil,284,177
./Multi-class Weather Dataset/Sunrise/sunrise16.jpg,Lever du soleil,4261,3195
./Multi-class Weather Dataset/Sunrise/sunrise160.jpg,Lever du soleil,275,183
./Multi-class Weather Dataset/Sunrise/sunrise161.jpg,Lever du soleil,284,177
./Multi-class Weather Dataset/Sunrise/sunrise162.jpg,Lever du soleil,284,177
./Multi-class Weather Dataset/Sunrise/sunrise163.jpg,Lever du soleil,275,183
./Multi-class Weather Dataset/Sunrise/sunrise164.jpg,Lever du soleil,300,168
./Multi-class Weather Dataset/Sunrise/sunrise165.jpg,Lever du soleil,280,180
./Multi-class Weather Dataset/Sunrise/sunrise166.jpg,Lever du soleil,212,238
./Multi-class Weather Dataset/Sunrise/sunrise167.jpg,Lever du soleil,2560,1600
./Multi-class Weather Dataset/Sunrise/sunrise168.jpg,Lever du soleil,274,184
./Multi-class Weather Dataset/Sunrise/sunrise169.jpg,Lever du soleil,251,201
./Multi-class Weather Dataset/Sunrise/sunrise17.jpg,Lever du soleil,284,177
./Multi-class Weather Dataset/Sunrise/sunrise170.jpg,Lever du soleil,2560,1600
./Multi-class Weather Dataset/Sunrise/sunrise171.jpg,Lever du soleil,284,177
./Multi-class Weather Dataset/Sunrise/sunrise172.jpg,Lever du soleil,784,508
./Multi-class Weather Dataset/Sunrise/sunrise173.jpg,Lever du soleil,300,168
./Multi-class Weather Dataset/Sunrise/sunrise174.jpg,Lever du soleil,1920,1080
./Multi-class Weather Dataset/Sunrise/sunrise175.jpg,Lever du soleil,1000,750
./Multi-class Weather Dataset/Sunrise/sunrise176.jpg,Lever du soleil,1024,763
./Multi-class Weather Dataset/Sunrise/sunrise177.jpg,Lever du soleil,852,480
./Multi-class Weather Dataset/Sunrise/sunrise178.jpg,Lever du soleil,275,183
./Multi-class Weather Dataset/Sunrise/sunrise179.jpg,Lever du soleil,284,177
./Multi-class Weather Dataset/Sunrise/sunrise18.jpg,Lever du soleil,1920,1080
./Multi-class Weather Dataset/Sunrise/sunrise180.jpg,Lever du soleil,660,430
./Multi-class Weather Dataset/Sunrise/sunrise181.jpg,Lever du soleil,284,177
./Multi-class Weather Dataset/Sunrise/sunrise182.jpg,Lever du soleil,300,168
./Multi-class Weather Dataset/Sunrise/sunrise183.jpg,Lever du soleil,300,168
./Multi-class Weather Dataset/Sunrise/sunrise184.jpg,Lever du soleil,1024,768
./Multi-class Weather Dataset/Sunrise/sunrise185.jpg,Lever du soleil,260,194
./Multi-class Weather Dataset/Sunrise/sunrise186.jpg,Lever du soleil,336,210
./Multi-class Weather Dataset/Sunrise/sunrise187.jpg,Lever du soleil,2560,1600
./Multi-class Weather Dataset/Sunrise/sunrise188.jpg,Lever du soleil,275,183
./Multi-class Weather Dataset/Sunrise/sunrise189.jpg,Lever du soleil,612,408
./Multi-class Weather Dataset/Sunrise/sunrise19.jpg,Lever du soleil,275,184
./Multi-class Weather Dataset/Sunrise/sunrise190.jpg,Lever du soleil,1920,1200
./Multi-class Weather Dataset/Sunrise/sunrise191.jpg,Lever du soleil,400,300
./Multi-class Weather Dataset/Sunrise/sunrise192.jpg,Lever du soleil,284,177
./Multi-class Weather Dataset/Sunrise/sunrise193.jpg,Lever du soleil,259,194
./Multi-class Weather Dataset/Sunrise/sunrise194.jpg,Lever du soleil,259,194
./Multi-class Weather Dataset/Sunrise/sunrise195.jpg,Lever du soleil,259,194
./Multi-class Weather Dataset/Sunrise/sunrise196.jpg,Lever du soleil,259,194
./Multi-class Weather Dataset/Sunrise/sunrise197.jpg,Lever du soleil,1920,1281
./Multi-class Weather Dataset/Sunrise/sunrise198.jpg,Lever du soleil,516,234
./Multi-class Weather Dataset/Sunrise/sunrise199.jpg,Lever du soleil,640,480
./Multi-class Weather Dataset/Sunrise/sunrise2.jpg,Lever du soleil,275,183
./Multi-class Weather Dataset/Sunrise/sunrise20.jpg,Lever du soleil,278,181
./Multi-class Weather Dataset/Sunrise/sunrise200.jpg,Lever du soleil,275,183
./Multi-class Weather Dataset/Sunrise/sunrise201.jpg,Lever du soleil,3456,1801
./Multi-class Weather Dataset/Sunrise/sunrise202.jpg,Lever du soleil,1600,1053
./Multi-class Weather Dataset/Sunrise/sunrise203.jpg,Lever du soleil,736,552
./Multi-class Weather Dataset/Sunrise/sunrise204.jpg,Lever du soleil,800,533
./Multi-class Weather Dataset/Sunrise/sunrise205.jpg,Lever du soleil,259,194
./Multi-class Weather Dataset/Sunrise/sunrise206.jpg,Lever du soleil,2048,844
./Multi-class Weather Dataset/Sunrise/sunrise207.jpg,Lever du soleil,251,201
./Multi-class Weather Dataset/Sunrise/sunrise208.jpg,Lever du soleil,1920,1080
./Multi-class Weather Dataset/Sunrise/sunrise209.jpg,Lever du soleil,1323,864
./Multi-class Weather Dataset/Sunrise/sunrise21.jpg,Lever du soleil,969,545
./Multi-class Weather Dataset/Sunrise/sunrise210.jpg,Lever du soleil,3200,1200
./Multi-class Weather Dataset/Sunrise/sunrise211.jpg,Lever du soleil,640,480
./Multi-class Weather Dataset/Sunrise/sunrise212.jpg,Lever du soleil,300,168
./Multi-class Weather Dataset/Sunrise/sunrise213.jpg,Lever du soleil,316,480
./Multi-class Weather Dataset/Sunrise/sunrise214.jpg,Lever du soleil,320,240
./Multi-class Weather Dataset/Sunrise/sunrise215.jpg,Lever du soleil,320,240
./Multi-class Weather Dataset/Sunrise/sunrise216.jpg,Lever du soleil,320,212
./Multi-class Weather Dataset/Sunrise/sunrise217.jpg,Lever du soleil,320,212
./Multi-class Weather Dataset/Sunrise/sunrise218.jpg,Lever du soleil,320,213
./Multi-class Weather Dataset/Sunrise/sunrise219.jpg,Lever du soleil,320,179
./Multi-class Weather Dataset/Sunrise/sunrise22.jpg,Lever du soleil,557,900
./Multi-class Weather Dataset/Sunrise/sunrise220.jpg,Lever du soleil,320,179
./Multi-class Weather Dataset/Sunrise/sunrise221.jpg,Lever du soleil,213,320
./Multi-class Weather Dataset/Sunrise/sunrise222.jpg,Lever du soleil,232,174
./Multi-class Weather Dataset/Sunrise/sunrise223.jpg,Lever du soleil,291,164
./Multi-class Weather Dataset/Sunrise/sunrise224.jpg,Lever du soleil,227,152
./Multi-class Weather Dataset/Sunrise/sunrise225.jpg,Lever du soleil,240,160
./Multi-class Weather Dataset/Sunrise/sunrise226.jpg,Lever du soleil,270,152
./Multi-class Weather Dataset/Sunrise/sunrise227.jpg,Lever du soleil,255,169
./Multi-class Weather Dataset/Sunrise/sunrise228.jpg,Lever du soleil,240,161
./Multi-class Weather Dataset/Sunrise/sunrise229.jpg,Lever du soleil,234,176
./Multi-class Weather Dataset/Sunrise/sunrise23.jpg,Lever du soleil,4261,3195
./Multi-class Weather Dataset/Sunrise/sunrise230.jpg,Lever du soleil,214,176
./Multi-class Weather Dataset/Sunrise/sunrise231.jpg,Lever du soleil,243,170
./Multi-class Weather Dataset/Sunrise/sunrise232.jpg,Lever du soleil,239,180
./Multi-class Weather Dataset/Sunrise/sunrise233.jpg,Lever du soleil,227,151
./Multi-class Weather Dataset/Sunrise/sunrise234.jpg,Lever du soleil,248,166
./Multi-class Weather Dataset/Sunrise/sunrise235.jpg,Lever du soleil,220,165
./Multi-class Weather Dataset/Sunrise/sunrise236.jpg,Lever du soleil,266,178
./Multi-class Weather Dataset/Sunrise/sunrise237.jpg,Lever du soleil,230,154
./Multi-class Weather Dataset/Sunrise/sunrise238.jpg,Lever du soleil,252,189
./Multi-class Weather Dataset/Sunrise/sunrise239.jpg,Lever du soleil,281,158
./Multi-class Weather Dataset/Sunrise/sunrise24.jpg,Lever du soleil,292,173
./Multi-class Weather Dataset/Sunrise/sunrise240.jpg,Lever du soleil,230,173
./Multi-class Weather Dataset/Sunrise/sunrise241.jpg,Lever du soleil,299,168
./Multi-class Weather Dataset/Sunrise/sunrise242.jpg,Lever du soleil,233,161
./Multi-class Weather Dataset/Sunrise/sunrise243.jpg,Lever du soleil,248,166
./Multi-class Weather Dataset/Sunrise/sunrise244.jpg,Lever du soleil,245,164
./Multi-class Weather Dataset/Sunrise/sunrise245.jpg,Lever du soleil,230,173
./Multi-class Weather Dataset/Sunrise/sunrise246.jpg,Lever du soleil,262,175
./Multi-class Weather Dataset/Sunrise/sunrise247.jpg,Lever du soleil,245,163
./Multi-class Weather Dataset/Sunrise/sunrise248.jpg,Lever du soleil,225,169
./Multi-class Weather Dataset/Sunrise/sunrise249.jpg,Lever du soleil,281,176
./Multi-class Weather Dataset/Sunrise/sunrise25.jpg,Lever du soleil,320,210
./Multi-class Weather Dataset/Sunrise/sunrise250.jpg,Lever du soleil,220,165
./Multi-class Weather Dataset/Sunrise/sunrise251.jpg,Lever du soleil,287,162
./Multi-class Weather Dataset/Sunrise/sunrise252.jpg,Lever du soleil,232,155
./Multi-class Weather Dataset/Sunrise/sunrise253.jpg,Lever du soleil,226,170
./Multi-class Weather Dataset/Sunrise/sunrise254.jpg,Lever du soleil,247,154
./Multi-class Weather Dataset/Sunrise/sunrise255.jpg,Lever du soleil,228,152
./Multi-class Weather Dataset/Sunrise/sunrise256.jpg,Lever du soleil,230,173
./Multi-class Weather Dataset/Sunrise/sunrise257.jpg,Lever du soleil,300,110
./Multi-class Weather Dataset/Sunrise/sunrise258.jpg,Lever du soleil,233,175
./Multi-class Weather Dataset/Sunrise/sunrise259.jpg,Lever du soleil,244,153
./Multi-class Weather Dataset/Sunrise/sunrise26.jpg,Lever du soleil,259,194
./Multi-class Weather Dataset/Sunrise/sunrise260.jpg,Lever du soleil,261,174
./Multi-class Weather Dataset/Sunrise/sunrise261.jpg,Lever du soleil,215,162
./Multi-class Weather Dataset/Sunrise/sunrise262.jpg,Lever du soleil,300,157
./Multi-class Weather Dataset/Sunrise/sunrise263.jpg,Lever du soleil,300,130
./Multi-class Weather Dataset/Sunrise/sunrise264.jpg,Lever du soleil,260,174
./Multi-class Weather Dataset/Sunrise/sunrise265.jpg,Lever du soleil,225,169
./Multi-class Weather Dataset/Sunrise/sunrise266.jpg,Lever du soleil,262,177
./Multi-class Weather Dataset/Sunrise/sunrise267.jpg,Lever du soleil,211,159
./Multi-class Weather Dataset/Sunrise/sunrise268.jpg,Lever du soleil,329,166
./Multi-class Weather Dataset/Sunrise/sunrise269.jpg,Lever du soleil,265,177
./Multi-class Weather Dataset/Sunrise/sunrise27.jpg,Lever du soleil,300,168
./Multi-class Weather Dataset/Sunrise/sunrise270.jpg,Lever du soleil,232,168
./Multi-class Weather Dataset/Sunrise/sunrise271.jpg,Lever du soleil,227,152
./Multi-class Weather Dataset/Sunrise/sunrise272.jpg,Lever du soleil,258,172
./Multi-class Weather Dataset/Sunrise/sunrise273.jpg,Lever du soleil,224,152
./Multi-class Weather Dataset/Sunrise/sunrise274.jpg,Lever du soleil,257,172
./Multi-class Weather Dataset/Sunrise/sunrise275.jpg,Lever du soleil,295,166
./Multi-class Weather Dataset/Sunrise/sunrise276.jpg,Lever du soleil,208,167
./Multi-class Weather Dataset/Sunrise/sunrise277.jpg,Lever du soleil,221,282
./Multi-class Weather Dataset/Sunrise/sunrise278.jpg,Lever du soleil,200,157
./Multi-class Weather Dataset/Sunrise/sunrise279.jpg,Lever du soleil,255,165
./Multi-class Weather Dataset/Sunrise/sunrise28.jpg,Lever du soleil,259,194
./Multi-class Weather Dataset/Sunrise/sunrise280.jpg,Lever du soleil,243,162
./Multi-class Weather Dataset/Sunrise/sunrise281.jpg,Lever du soleil,263,176
./Multi-class Weather Dataset/Sunrise/sunrise282.jpg,Lever du soleil,372,167
./Multi-class Weather Dataset/Sunrise/sunrise283.jpg,Lever du soleil,380,164
./Multi-class Weather Dataset/Sunrise/sunrise284.jpg,Lever du soleil,249,166
./Multi-class Weather Dataset/Sunrise/sunrise285.jpg,Lever du soleil,259,156
./Multi-class Weather Dataset/Sunrise/sunrise286.jpg,Lever du soleil,204,153
./Multi-class Weather Dataset/Sunrise/sunrise287.jpg,Lever du soleil,257,172
./Multi-class Weather Dataset/Sunrise/sunrise288.jpg,Lever du soleil,234,152
./Multi-class Weather Dataset/Sunrise/sunrise289.jpg,Lever du soleil,269,180
./Multi-class Weather Dataset/Sunrise/sunrise29.jpg,Lever du soleil,4752,3168
./Multi-class Weather Dataset/Sunrise/sunrise290.jpg,Lever du soleil,286,161
./Multi-class Weather Dataset/Sunrise/sunrise291.jpg,Lever du soleil,300,112
./Multi-class Weather Dataset/Sunrise/sunrise292.jpg,Lever du soleil,230,154
./Multi-class Weather Dataset/Sunrise/sunrise293.jpg,Lever du soleil,228,171
./Multi-class Weather Dataset/Sunrise/sunrise294.jpg,Lever du soleil,266,175
./Multi-class Weather Dataset/Sunrise/sunrise295.jpg,Lever du soleil,224,168
./Multi-class Weather Dataset/Sunrise/sunrise296.jpg,Lever du soleil,266,160
./Multi-class Weather Dataset/Sunrise/sunrise297.jpg,Lever du soleil,300,299
./Multi-class Weather Dataset/Sunrise/sunrise298.jpg,Lever du soleil,283,169
./Multi-class Weather Dataset/Sunrise/sunrise299.jpg,Lever du soleil,201,161
./Multi-class Weather Dataset/Sunrise/sunrise3.jpg,Lever du soleil,760,507
./Multi-class Weather Dataset/Sunrise/sunrise30.jpg,Lever du soleil,930,300
./Multi-class Weather Dataset/Sunrise/sunrise300.jpg,Lever du soleil,242,161
./Multi-class Weather Dataset/Sunrise/sunrise301.jpg,Lever du soleil,274,171
./Multi-class Weather Dataset/Sunrise/sunrise302.jpg,Lever du soleil,237,158
./Multi-class Weather Dataset/Sunrise/sunrise303.jpg,Lever du soleil,256,160
./Multi-class Weather Dataset/Sunrise/sunrise304.jpg,Lever du soleil,242,162
./Multi-class Weather Dataset/Sunrise/sunrise305.jpg,Lever du soleil,266,178
./Multi-class Weather Dataset/Sunrise/sunrise306.jpg,Lever du soleil,257,161
./Multi-class Weather Dataset/Sunrise/sunrise307.jpg,Lever du soleil,257,172
./Multi-class Weather Dataset/Sunrise/sunrise308.jpg,Lever du soleil,238,159
./Multi-class Weather Dataset/Sunrise/sunrise309.jpg,Lever du soleil,269,168
./Multi-class Weather Dataset/Sunrise/sunrise31.jpg,Lever du soleil,300,168
./Multi-class Weather Dataset/Sunrise/sunrise310.jpg,Lever du soleil,260,174
./Multi-class Weather Dataset/Sunrise/sunrise311.jpg,Lever du soleil,266,166
./Multi-class Weather Dataset/Sunrise/sunrise312.jpg,Lever du soleil,265,177
./Multi-class Weather Dataset/Sunrise/sunrise313.jpg,Lever du soleil,216,162
./Multi-class Weather Dataset/Sunrise/sunrise314.jpg,Lever du soleil,333,187
./Multi-class Weather Dataset/Sunrise/sunrise315.jpg,Lever du soleil,212,159
./Multi-class Weather Dataset/Sunrise/sunrise316.jpg,Lever du soleil,215,162
./Multi-class Weather Dataset/Sunrise/sunrise317.jpg,Lever du soleil,225,300
./Multi-class Weather Dataset/Sunrise/sunrise318.jpg,Lever du soleil,231,174
./Multi-class Weather Dataset/Sunrise/sunrise319.jpg,Lever du soleil,260,173
./Multi-class Weather Dataset/Sunrise/sunrise32.jpg,Lever du soleil,900,675
./Multi-class Weather Dataset/Sunrise/sunrise320.jpg,Lever du soleil,234,176
./Multi-class Weather Dataset/Sunrise/sunrise321.jpg,Lever du soleil,204,153
./Multi-class Weather Dataset/Sunrise/sunrise322.jpg,Lever du soleil,242,151
./Multi-class Weather Dataset/Sunrise/sunrise323.jpg,Lever du soleil,279,183
./Multi-class Weather Dataset/Sunrise/sunrise324.jpg,Lever du soleil,252,168
./Multi-class Weather Dataset/Sunrise/sunrise325.jpg,Lever du soleil,244,170
./Multi-class Weather Dataset/Sunrise/sunrise326.jpg,Lever du soleil,300,121
./Multi-class Weather Dataset/Sunrise/sunrise327.jpg,Lever du soleil,228,152
./Multi-class Weather Dataset/Sunrise/sunrise328.jpg,Lever du soleil,315,197
./Multi-class Weather Dataset/Sunrise/sunrise329.jpg,Lever du soleil,263,176
./Multi-class Weather Dataset/Sunrise/sunrise33.jpg,Lever du soleil,1000,667
./Multi-class Weather Dataset/Sunrise/sunrise330.jpg,Lever du soleil,202,152
./Multi-class Weather Dataset/Sunrise/sunrise331.jpg,Lever du soleil,212,159
./Multi-class Weather Dataset/Sunrise/sunrise332.jpg,Lever du soleil,213,160
./Multi-class Weather Dataset/Sunrise/sunrise333.jpg,Lever du soleil,318,162
./Multi-class Weather Dataset/Sunrise/sunrise334.jpg,Lever du soleil,228,152
./Multi-class Weather Dataset/Sunrise/sunrise335.jpg,Lever du soleil,283,177
./Multi-class Weather Dataset/Sunrise/sunrise336.jpg,Lever du soleil,244,163
./Multi-class Weather Dataset/Sunrise/sunrise337.jpg,Lever du soleil,225,169
./Multi-class Weather Dataset/Sunrise/sunrise338.jpg,Lever du soleil,266,177
./Multi-class Weather Dataset/Sunrise/sunrise339.jpg,Lever du soleil,225,169
./Multi-class Weather Dataset/Sunrise/sunrise34.jpg,Lever du soleil,1920,1280
./Multi-class Weather Dataset/Sunrise/sunrise340.jpg,Lever du soleil,294,165
./Multi-class Weather Dataset/Sunrise/sunrise341.jpg,Lever du soleil,318,166
./Multi-class Weather Dataset/Sunrise/sunrise342.jpg,Lever du soleil,225,169
./Multi-class Weather Dataset/Sunrise/sunrise343.jpg,Lever du soleil,282,189
./Multi-class Weather Dataset/Sunrise/sunrise344.jpg,Lever du soleil,228,166
./Multi-class Weather Dataset/Sunrise/sunrise345.jpg,Lever du soleil,226,170
./Multi-class Weather Dataset/Sunrise/sunrise346.jpg,Lever du soleil,229,172
./Multi-class Weather Dataset/Sunrise/sunrise347.jpg,Lever du soleil,228,152
./Multi-class Weather Dataset/Sunrise/sunrise348.jpg,Lever du soleil,271,181
./Multi-class Weather Dataset/Sunrise/sunrise349.jpg,Lever du soleil,236,177
./Multi-class Weather Dataset/Sunrise/sunrise35.jpg,Lever du soleil,640,428
./Multi-class Weather Dataset/Sunrise/sunrise350.jpg,Lever du soleil,245,153
./Multi-class Weather Dataset/Sunrise/sunrise351.jpg,Lever du soleil,261,163
./Multi-class Weather Dataset/Sunrise/sunrise352.jpg,Lever du soleil,207,156
./Multi-class Weather Dataset/Sunrise/sunrise353.jpg,Lever du soleil,277,173
./Multi-class Weather Dataset/Sunrise/sunrise354.jpg,Lever du soleil,203,153
./Multi-class Weather Dataset/Sunrise/sunrise355.jpg,Lever du soleil,299,168
./Multi-class Weather Dataset/Sunrise/sunrise356.jpg,Lever du soleil,300,168
./Multi-class Weather Dataset/Sunrise/sunrise357.jpg,Lever du soleil,300,94
./Multi-class Weather Dataset/Sunrise/sunrise36.jpg,Lever du soleil,612,409
./Multi-class Weather Dataset/Sunrise/sunrise37.jpg,Lever du soleil,1140,709
./Multi-class Weather Dataset/Sunrise/sunrise38.jpg,Lever du soleil,273,185
./Multi-class Weather Dataset/Sunrise/sunrise39.jpg,Lever du soleil,615,412
./Multi-class Weather Dataset/Sunrise/sunrise4.jpg,Lever du soleil,900,597
./Multi-class Weather Dataset/Sunrise/sunrise40.jpg,Lever du soleil,640,345
./Multi-class Weather Dataset/Sunrise/sunrise41.jpg,Lever du soleil,275,183
./Multi-class Weather Dataset/Sunrise/sunrise42.jpg,Lever du soleil,275,183
./Multi-class Weather Dataset/Sunrise/sunrise43.jpg,Lever du soleil,318,159
./Multi-class Weather Dataset/Sunrise/sunrise44.jpg,Lever du soleil,2560,1600
./Multi-class Weather Dataset/Sunrise/sunrise45.jpg,Lever du soleil,259,194
./Multi-class Weather Dataset/Sunrise/sunrise46.jpg,Lever du soleil,612,408
./Multi-class Weather Dataset/Sunrise/sunrise47.jpg,Lever du soleil,440,267
./Multi-class Weather Dataset/Sunrise/sunrise48.jpg,Lever du soleil,284,177
./Multi-class Weather Dataset/Sunrise/sunrise49.jpg,Lever du soleil,480,360
./Multi-class Weather Dataset/Sunrise/sunrise5.jpg,Lever du soleil,350,230
./Multi-class Weather Dataset/Sunrise/sunrise50.jpg,Lever du soleil,225,225
./Multi-class Weather Dataset/Sunrise/sunrise51.jpg,Lever du soleil,300,168
./Multi-class Weather Dataset/Sunrise/sunrise52.jpg,Lever du soleil,281,180
./Multi-class Weather Dataset/Sunrise/sunrise53.jpg,Lever du soleil,275,183
./Multi-class Weather Dataset/Sunrise/sunrise54.jpg,Lever du soleil,1920,1080
./Multi-class Weather Dataset/Sunrise/sunrise55.jpg,Lever du soleil,500,282
./Multi-class Weather Dataset/Sunrise/sunrise56.jpg,Lever du soleil,800,450
./Multi-class Weather Dataset/Sunrise/sunrise57.jpg,Lever du soleil,300,168
./Multi-class Weather Dataset/Sunrise/sunrise58.jpg,Lever du soleil,276,183
./Multi-class Weather Dataset/Sunrise/sunrise59.jpg,Lever du soleil,1024,768
./Multi-class Weather Dataset/Sunrise/sunrise6.jpg,Lever du soleil,350,144
./Multi-class Weather Dataset/Sunrise/sunrise60.jpg,Lever du soleil,738,492
./Multi-class Weather Dataset/Sunrise/sunrise61.jpg,Lever du soleil,500,326
./Multi-class Weather Dataset/Sunrise/sunrise62.jpg,Lever du soleil,240,180
./Multi-class Weather Dataset/Sunrise/sunrise63.jpg,Lever du soleil,680,453
./Multi-class Weather Dataset/Sunrise/sunrise64.jpg,Lever du soleil,240,160
./Multi-class Weather Dataset/Sunrise/sunrise65.jpg,Lever du soleil,2500,1667
./Multi-class Weather Dataset/Sunrise/sunrise66.jpg,Lever du soleil,500,400
./Multi-class Weather Dataset/Sunrise/sunrise67.jpg,Lever du soleil,259,194
./Multi-class Weather Dataset/Sunrise/sunrise68.jpg,Lever du soleil,268,188
./Multi-class Weather Dataset/Sunrise/sunrise69.jpg,Lever du soleil,276,182
./Multi-class Weather Dataset/Sunrise/sunrise7.jpg,Lever du soleil,4368,2912
./Multi-class Weather Dataset/Sunrise/sunrise70.jpg,Lever du soleil,600,524
./Multi-class Weather Dataset/Sunrise/sunrise71.jpg,Lever du soleil,341,512
./Multi-class Weather Dataset/Sunrise/sunrise72.jpg,Lever du soleil,900,463
./Multi-class Weather Dataset/Sunrise/sunrise73.jpg,Lever du soleil,275,184
./Multi-class Weather Dataset/Sunrise/sunrise74.jpg,Lever du soleil,1920,1200
./Multi-class Weather Dataset/Sunrise/sunrise75.jpg,Lever du soleil,275,183
./Multi-class Weather Dataset/Sunrise/sunrise76.jpg,Lever du soleil,275,183
./Multi-class Weather Dataset/Sunrise/sunrise77.jpg,Lever du soleil,1024,576
./Multi-class Weather Dataset/Sunrise/sunrise78.jpg,Lever du soleil,768,1039
./Multi-class Weather Dataset/Sunrise/sunrise79.jpg,Lever du soleil,268,188
./Multi-class Weather Dataset/Sunrise/sunrise8.jpg,Lever du soleil,400,266
./Multi-class Weather Dataset/Sunrise/sunrise80.jpg,Lever du soleil,259,194
./Multi-class Weather Dataset/Sunrise/sunrise81.jpg,Lever du soleil,3888,2592
./Multi-class Weather Dataset/Sunrise/sunrise82.jpg,Lever du soleil,612,564
./Multi-class Weather Dataset/Sunrise/sunrise83.jpg,Lever du soleil,380,133
./Multi-class Weather Dataset/Sunrise/sunrise84.jpg,Lever du soleil,516,234
./Multi-class Weather Dataset/Sunrise/sunrise85.jpg,Lever du soleil,299,168
./Multi-class Weather Dataset/Sunrise/sunrise86.jpg,Lever du soleil,276,183
./Multi-class Weather Dataset/Sunrise/sunrise87.jpg,Lever du soleil,2272,1704
./Multi-class Weather Dataset/Sunrise/sunrise88.jpg,Lever du soleil,275,183
./Multi-class Weather Dataset/Sunrise/sunrise89.jpeg,Lever du soleil,640,428
./Multi-class Weather Dataset/Sunrise/sunrise9.jpg,Lever du soleil,275,183
./Multi-class Weather Dataset/Sunrise/sunrise90.jpg,Lever du soleil,259,194
./Multi-class Weather Dataset/Sunrise/sunrise91.jpg,Lever du soleil,259,194
./Multi-class Weather Dataset/Sunrise/sunrise92.jpg,Lever du soleil,300,168
./Multi-class Weather Dataset/Sunrise/sunrise93.jpg,Lever du soleil,500,375
./Multi-class Weather Dataset/Sunrise/sunrise94.jpg,Lever du soleil,300,168
./Multi-class Weather Dataset/Sunrise/sunrise95.jpg,Lever du soleil,1600,1049
./Multi-class Weather Dataset/Sunrise/sunrise96.jpg,Lever du soleil,3008,2000
./Multi-class Weather Dataset/Sunrise/sunrise97.jpg,Lever du soleil,300,168
./Multi-class Weather Dataset/Sunrise/sunrise98.jpg,Lever du soleil,1024,576
./Multi-class Weather Dataset/Sunrise/sunrise99.jpg,Lever du soleil,283,178
