Picture Path,Label,width,height,Luminance
./Multi-class Weather Dataset/Cloudy/cloudy1.jpg,Nuageux,600,400,0.4034989215686274
./Multi-class Weather Dataset/Cloudy/cloudy10.jpg,Nuageux,271,186,0.613927039933777
./Multi-class Weather Dataset/Cloudy/cloudy100.jpg,Nuageux,259,194,0.5506449658113455
./Multi-class Weather Dataset/Cloudy/cloudy101.jpg,Nuageux,338,149,0.5643087600439486
./Multi-class Weather Dataset/Cloudy/cloudy102.jpg,Nuageux,800,377,0.5352161635057471
./Multi-class Weather Dataset/Cloudy/cloudy103.jpg,Nuageux,275,183,0.4878296051118709
./Multi-class Weather Dataset/Cloudy/cloudy104.jpg,Nuageux,275,183,0.4292564733545679
./Multi-class Weather Dataset/Cloudy/cloudy105.jpg,Nuageux,288,175,0.44728118310768755
./Multi-class Weather Dataset/Cloudy/cloudy106.jpg,Nuageux,300,168,0.43151805703392465
./Multi-class Weather Dataset/Cloudy/cloudy107.jpg,Nuageux,275,183,0.476044961366802
./Multi-class Weather Dataset/Cloudy/cloudy108.jpg,Nuageux,900,675,0.6464810897642217
./Multi-class Weather Dataset/Cloudy/cloudy109.jpg,Nuageux,851,377,0.6426423491006115
./Multi-class Weather Dataset/Cloudy/cloudy11.jpg,Nuageux,1024,675,0.5504616262737155
./Multi-class Weather Dataset/Cloudy/cloudy110.jpg,Nuageux,284,177,0.5943367705412713
./Multi-class Weather Dataset/Cloudy/cloudy111.jpg,Nuageux,259,194,0.5183772510542249
./Multi-class Weather Dataset/Cloudy/cloudy112.jpg,Nuageux,590,400,0.7048054230292458
./Multi-class Weather Dataset/Cloudy/cloudy113.jpg,Nuageux,259,194,0.5417345197705719
./Multi-class Weather Dataset/Cloudy/cloudy114.jpg,Nuageux,319,158,0.559906264511757
./Multi-class Weather Dataset/Cloudy/cloudy115.jpg,Nuageux,326,155,0.3831948952010648
./Multi-class Weather Dataset/Cloudy/cloudy116.jpg,Nuageux,1600,1200,0.4824122945827207
./Multi-class Weather Dataset/Cloudy/cloudy117.jpg,Nuageux,400,269,0.41674114871346296
./Multi-class Weather Dataset/Cloudy/cloudy118.jpg,Nuageux,259,194,0.5207037023023198
./Multi-class Weather Dataset/Cloudy/cloudy119.jpg,Nuageux,490,326,0.3653299204565262
./Multi-class Weather Dataset/Cloudy/cloudy12.jpg,Nuageux,300,168,0.4014283013227513
./Multi-class Weather Dataset/Cloudy/cloudy120.jpg,Nuageux,318,159,0.41933577203991834
./Multi-class Weather Dataset/Cloudy/cloudy121.jpg,Nuageux,211,239,0.47010627097931124
./Multi-class Weather Dataset/Cloudy/cloudy122.jpg,Nuageux,852,480,0.4642234818401148
./Multi-class Weather Dataset/Cloudy/cloudy123.jpg,Nuageux,852,480,0.5761379992041025
./Multi-class Weather Dataset/Cloudy/cloudy124.jpg,Nuageux,299,168,0.4729827150336165
./Multi-class Weather Dataset/Cloudy/cloudy125.jpg,Nuageux,852,480,0.6307202736103439
./Multi-class Weather Dataset/Cloudy/cloudy126.jpg,Nuageux,852,480,0.7057029564586592
./Multi-class Weather Dataset/Cloudy/cloudy127.jpg,Nuageux,640,360,0.6863719065853079
./Multi-class Weather Dataset/Cloudy/cloudy128.jpg,Nuageux,259,194,0.5878316620969926
./Multi-class Weather Dataset/Cloudy/cloudy129.jpg,Nuageux,1024,576,0.6058146310577723
./Multi-class Weather Dataset/Cloudy/cloudy13.jpg,Nuageux,306,165,0.4748306864337337
./Multi-class Weather Dataset/Cloudy/cloudy130.jpg,Nuageux,728,410,0.6971382909381388
./Multi-class Weather Dataset/Cloudy/cloudy131.jpg,Nuageux,600,300,0.6065238893028323
./Multi-class Weather Dataset/Cloudy/cloudy132.jpg,Nuageux,720,400,0.5832225213480392
./Multi-class Weather Dataset/Cloudy/cloudy133.jpg,Nuageux,259,194,0.4968165634724217
./Multi-class Weather Dataset/Cloudy/cloudy134.jpg,Nuageux,800,600,0.5499980106429739
./Multi-class Weather Dataset/Cloudy/cloudy135.jpg,Nuageux,1600,706,0.5637568135821115
./Multi-class Weather Dataset/Cloudy/cloudy136.jpg,Nuageux,595,476,0.3173783010477548
./Multi-class Weather Dataset/Cloudy/cloudy137.jpg,Nuageux,1000,667,0.18603854556839228
./Multi-class Weather Dataset/Cloudy/cloudy138.jpg,Nuageux,275,183,0.2085943160281698
./Multi-class Weather Dataset/Cloudy/cloudy139.jpg,Nuageux,183,275,0.2429375803473501
./Multi-class Weather Dataset/Cloudy/cloudy14.jpg,Nuageux,2000,2000,0.4141732081925492
./Multi-class Weather Dataset/Cloudy/cloudy140.jpg,Nuageux,1000,750,0.28505368335895426
./Multi-class Weather Dataset/Cloudy/cloudy141.jpg,Nuageux,615,409,0.5059137196811576
./Multi-class Weather Dataset/Cloudy/cloudy142.jpg,Nuageux,520,362,0.43726764278393043
./Multi-class Weather Dataset/Cloudy/cloudy143.jpg,Nuageux,284,177,0.3531181110892674
./Multi-class Weather Dataset/Cloudy/cloudy144.jpg,Nuageux,259,194,0.4362962014418473
./Multi-class Weather Dataset/Cloudy/cloudy145.jpg,Nuageux,300,168,0.539211786328976
./Multi-class Weather Dataset/Cloudy/cloudy146.jpg,Nuageux,800,377,0.5352161635057471
./Multi-class Weather Dataset/Cloudy/cloudy147.jpg,Nuageux,800,533,0.4913499053756024
./Multi-class Weather Dataset/Cloudy/cloudy148.jpg,Nuageux,900,600,0.42916567995570093
./Multi-class Weather Dataset/Cloudy/cloudy149.jpg,Nuageux,759,462,0.44744705580846955
./Multi-class Weather Dataset/Cloudy/cloudy15.jpg,Nuageux,852,480,0.5151385914476512
./Multi-class Weather Dataset/Cloudy/cloudy150.jpg,Nuageux,1920,1080,0.43178964135083825
./Multi-class Weather Dataset/Cloudy/cloudy151.jpg,Nuageux,1920,1280,0.47612032898986417
./Multi-class Weather Dataset/Cloudy/cloudy152.jpg,Nuageux,1920,1080,0.5719113424395955
./Multi-class Weather Dataset/Cloudy/cloudy153.jpg,Nuageux,1280,720,0.4966801658926504
./Multi-class Weather Dataset/Cloudy/cloudy154.jpg,Nuageux,291,169,0.5083454053519575
./Multi-class Weather Dataset/Cloudy/cloudy155.jpg,Nuageux,1920,1080,0.5980793459494521
./Multi-class Weather Dataset/Cloudy/cloudy156.jpg,Nuageux,299,168,0.5339039098582578
./Multi-class Weather Dataset/Cloudy/cloudy157.jpg,Nuageux,282,179,0.5996966962582806
./Multi-class Weather Dataset/Cloudy/cloudy158.jpg,Nuageux,468,351,0.4619760791905336
./Multi-class Weather Dataset/Cloudy/cloudy159.jpg,Nuageux,243,162,0.5451178283041105
./Multi-class Weather Dataset/Cloudy/cloudy16.jpg,Nuageux,299,168,0.4778369942915851
./Multi-class Weather Dataset/Cloudy/cloudy160.jpg,Nuageux,303,160,0.41835557115932176
./Multi-class Weather Dataset/Cloudy/cloudy161.jpg,Nuageux,231,154,0.5453573828429443
./Multi-class Weather Dataset/Cloudy/cloudy162.jpg,Nuageux,281,187,0.24510270883545152
./Multi-class Weather Dataset/Cloudy/cloudy163.jpg,Nuageux,264,178,0.5061345158792152
./Multi-class Weather Dataset/Cloudy/cloudy164.jpg,Nuageux,205,300,0.4744389403475211
./Multi-class Weather Dataset/Cloudy/cloudy165.jpg,Nuageux,242,161,0.5309474529833493
./Multi-class Weather Dataset/Cloudy/cloudy166.jpg,Nuageux,256,169,0.3115187480874376
./Multi-class Weather Dataset/Cloudy/cloudy167.jpg,Nuageux,222,167,0.3551150088164952
./Multi-class Weather Dataset/Cloudy/cloudy168.jpg,Nuageux,226,170,0.35609504493166344
./Multi-class Weather Dataset/Cloudy/cloudy169.jpg,Nuageux,206,155,0.4285122762292514
./Multi-class Weather Dataset/Cloudy/cloudy17.jpg,Nuageux,299,168,0.547203857864216
./Multi-class Weather Dataset/Cloudy/cloudy170.jpg,Nuageux,245,155,0.2885196399488828
./Multi-class Weather Dataset/Cloudy/cloudy171.jpg,Nuageux,220,165,0.5012561352563065
./Multi-class Weather Dataset/Cloudy/cloudy172.jpg,Nuageux,231,154,0.45114661879076695
./Multi-class Weather Dataset/Cloudy/cloudy173.jpg,Nuageux,229,152,0.5975593069657189
./Multi-class Weather Dataset/Cloudy/cloudy174.jpg,Nuageux,225,178,0.4488910686641698
./Multi-class Weather Dataset/Cloudy/cloudy175.jpg,Nuageux,238,158,0.7172576788451791
./Multi-class Weather Dataset/Cloudy/cloudy176.jpg,Nuageux,207,156,0.4093491313698773
./Multi-class Weather Dataset/Cloudy/cloudy177.jpg,Nuageux,199,151,0.38062771982232935
./Multi-class Weather Dataset/Cloudy/cloudy178.jpg,Nuageux,236,177,0.45518460297074875
./Multi-class Weather Dataset/Cloudy/cloudy179.jpg,Nuageux,285,153,0.4706778268816986
./Multi-class Weather Dataset/Cloudy/cloudy18.jpg,Nuageux,852,480,0.4878074630185799
./Multi-class Weather Dataset/Cloudy/cloudy180.jpg,Nuageux,261,175,0.4277365297015358
./Multi-class Weather Dataset/Cloudy/cloudy181.jpg,Nuageux,342,171,0.29728577566685505
./Multi-class Weather Dataset/Cloudy/cloudy182.jpg,Nuageux,287,192,0.4481615528853818
./Multi-class Weather Dataset/Cloudy/cloudy183.jpg,Nuageux,302,170,0.4147853428202602
./Multi-class Weather Dataset/Cloudy/cloudy184.jpg,Nuageux,256,166,0.5752394499413094
./Multi-class Weather Dataset/Cloudy/cloudy185.jpg,Nuageux,276,173,0.34178409395240045
./Multi-class Weather Dataset/Cloudy/cloudy186.jpg,Nuageux,267,178,0.41511808175999426
./Multi-class Weather Dataset/Cloudy/cloudy187.jpg,Nuageux,208,167,0.3404528673648179
./Multi-class Weather Dataset/Cloudy/cloudy188.jpg,Nuageux,241,161,0.5431805852386057
./Multi-class Weather Dataset/Cloudy/cloudy189.jpg,Nuageux,255,170,0.2840165057330891
./Multi-class Weather Dataset/Cloudy/cloudy19.jpg,Nuageux,800,600,0.5000223103390523
./Multi-class Weather Dataset/Cloudy/cloudy190.jpg,Nuageux,256,153,0.43425306979286804
./Multi-class Weather Dataset/Cloudy/cloudy191.jpg,Nuageux,239,168,0.5080360569443956
./Multi-class Weather Dataset/Cloudy/cloudy192.jpg,Nuageux,211,159,0.542106921161263
./Multi-class Weather Dataset/Cloudy/cloudy193.jpg,Nuageux,284,160,0.35051159046188896
./Multi-class Weather Dataset/Cloudy/cloudy194.jpg,Nuageux,312,164,0.46405730970030296
./Multi-class Weather Dataset/Cloudy/cloudy195.jpg,Nuageux,231,174,0.4256788909475319
./Multi-class Weather Dataset/Cloudy/cloudy196.jpg,Nuageux,261,174,0.4734361093538574
./Multi-class Weather Dataset/Cloudy/cloudy197.jpg,Nuageux,266,175,0.529538057378741
./Multi-class Weather Dataset/Cloudy/cloudy198.jpg,Nuageux,226,151,0.42333244173552914
./Multi-class Weather Dataset/Cloudy/cloudy199.jpg,Nuageux,254,170,0.2837547339454541
./Multi-class Weather Dataset/Cloudy/cloudy2.jpg,Nuageux,400,300,0.5210137792614379
./Multi-class Weather Dataset/Cloudy/cloudy20.jpg,Nuageux,299,168,0.40502456082209914
./Multi-class Weather Dataset/Cloudy/cloudy200.jpg,Nuageux,283,177,0.3075971683770831
./Multi-class Weather Dataset/Cloudy/cloudy201.jpg,Nuageux,230,173,0.5593199648349916
./Multi-class Weather Dataset/Cloudy/cloudy202.jpg,Nuageux,290,174,0.4336999705921211
./Multi-class Weather Dataset/Cloudy/cloudy203.jpg,Nuageux,245,153,0.30777242157516604
./Multi-class Weather Dataset/Cloudy/cloudy204.jpg,Nuageux,283,177,0.3530551487664999
./Multi-class Weather Dataset/Cloudy/cloudy205.jpg,Nuageux,300,168,0.5742560871926549
./Multi-class Weather Dataset/Cloudy/cloudy206.jpg,Nuageux,255,192,0.47054752965205693
./Multi-class Weather Dataset/Cloudy/cloudy207.jpg,Nuageux,300,134,0.36762973866939813
./Multi-class Weather Dataset/Cloudy/cloudy208.jpg,Nuageux,269,168,0.35358834334725214
./Multi-class Weather Dataset/Cloudy/cloudy209.jpg,Nuageux,260,174,0.4920227556821136
./Multi-class Weather Dataset/Cloudy/cloudy21.jpg,Nuageux,852,480,0.5885187750448773
./Multi-class Weather Dataset/Cloudy/cloudy210.jpg,Nuageux,275,172,0.3144191779463582
./Multi-class Weather Dataset/Cloudy/cloudy211.jpg,Nuageux,375,166,0.3978822269470037
./Multi-class Weather Dataset/Cloudy/cloudy212.jpg,Nuageux,223,168,0.5449008917318795
./Multi-class Weather Dataset/Cloudy/cloudy213.jpg,Nuageux,205,154,0.5179875914339129
./Multi-class Weather Dataset/Cloudy/cloudy214.jpg,Nuageux,201,151,0.49395136416347046
./Multi-class Weather Dataset/Cloudy/cloudy215.jpg,Nuageux,300,300,0.6950519370196079
./Multi-class Weather Dataset/Cloudy/cloudy216.jpg,Nuageux,203,153,0.46748296575335113
./Multi-class Weather Dataset/Cloudy/cloudy217.jpg,Nuageux,233,175,0.42873362222622957
./Multi-class Weather Dataset/Cloudy/cloudy218.jpg,Nuageux,250,152,0.3985311661506708
./Multi-class Weather Dataset/Cloudy/cloudy219.jpg,Nuageux,201,151,0.43369036505564634
./Multi-class Weather Dataset/Cloudy/cloudy22.jpg,Nuageux,720,476,0.4610365392214076
./Multi-class Weather Dataset/Cloudy/cloudy220.jpg,Nuageux,272,153,0.5729438133806003
./Multi-class Weather Dataset/Cloudy/cloudy221.jpg,Nuageux,332,175,0.43730478215382546
./Multi-class Weather Dataset/Cloudy/cloudy222.jpg,Nuageux,265,166,0.47434258645235783
./Multi-class Weather Dataset/Cloudy/cloudy223.jpg,Nuageux,256,160,0.4019739678883272
./Multi-class Weather Dataset/Cloudy/cloudy224.jpg,Nuageux,241,151,0.46569954819684467
./Multi-class Weather Dataset/Cloudy/cloudy225.jpg,Nuageux,208,167,0.5856210776862565
./Multi-class Weather Dataset/Cloudy/cloudy226.jpg,Nuageux,231,174,0.4502602745117552
./Multi-class Weather Dataset/Cloudy/cloudy227.jpg,Nuageux,236,177,0.508130368301874
./Multi-class Weather Dataset/Cloudy/cloudy228.jpg,Nuageux,285,171,0.570487393776265
./Multi-class Weather Dataset/Cloudy/cloudy229.jpg,Nuageux,237,178,0.4695718527008774
./Multi-class Weather Dataset/Cloudy/cloudy23.jpg,Nuageux,259,194,0.543438588747285
./Multi-class Weather Dataset/Cloudy/cloudy230.jpg,Nuageux,282,159,0.6709333428228332
./Multi-class Weather Dataset/Cloudy/cloudy231.jpg,Nuageux,268,179,0.38452878310550437
./Multi-class Weather Dataset/Cloudy/cloudy232.jpg,Nuageux,305,172,0.4940372296577037
./Multi-class Weather Dataset/Cloudy/cloudy233.jpg,Nuageux,247,165,0.48579433279207895
./Multi-class Weather Dataset/Cloudy/cloudy234.jpg,Nuageux,260,174,0.5348811786116745
./Multi-class Weather Dataset/Cloudy/cloudy235.jpg,Nuageux,268,178,0.45055890432996953
./Multi-class Weather Dataset/Cloudy/cloudy236.jpg,Nuageux,241,181,0.42921800686933037
./Multi-class Weather Dataset/Cloudy/cloudy237.jpg,Nuageux,247,252,0.5539278688992466
./Multi-class Weather Dataset/Cloudy/cloudy238.jpg,Nuageux,247,165,0.44700027862333747
./Multi-class Weather Dataset/Cloudy/cloudy239.jpg,Nuageux,297,167,0.37468328603241136
./Multi-class Weather Dataset/Cloudy/cloudy24.jpg,Nuageux,284,177,0.5943367705412713
./Multi-class Weather Dataset/Cloudy/cloudy240.jpg,Nuageux,300,138,0.4182264847968173
./Multi-class Weather Dataset/Cloudy/cloudy241.jpg,Nuageux,300,157,0.45001701838391406
./Multi-class Weather Dataset/Cloudy/cloudy242.jpg,Nuageux,231,174,0.5792620664288007
./Multi-class Weather Dataset/Cloudy/cloudy243.jpg,Nuageux,238,179,0.4775976381390544
./Multi-class Weather Dataset/Cloudy/cloudy244.jpg,Nuageux,312,176,0.39612154888106177
./Multi-class Weather Dataset/Cloudy/cloudy245.jpg,Nuageux,258,166,0.4583246803905087
./Multi-class Weather Dataset/Cloudy/cloudy246.jpg,Nuageux,223,168,0.39604188147157215
./Multi-class Weather Dataset/Cloudy/cloudy247.jpg,Nuageux,301,181,0.4632573993523917
./Multi-class Weather Dataset/Cloudy/cloudy248.jpg,Nuageux,267,178,0.4078793164030751
./Multi-class Weather Dataset/Cloudy/cloudy249.jpg,Nuageux,284,160,0.594153348988539
./Multi-class Weather Dataset/Cloudy/cloudy25.jpg,Nuageux,300,168,0.5147265550420169
./Multi-class Weather Dataset/Cloudy/cloudy250.jpg,Nuageux,241,160,0.5443993050097632
./Multi-class Weather Dataset/Cloudy/cloudy251.jpg,Nuageux,205,154,0.38271024761656325
./Multi-class Weather Dataset/Cloudy/cloudy252.jpg,Nuageux,236,177,0.3985264105987123
./Multi-class Weather Dataset/Cloudy/cloudy253.jpg,Nuageux,258,171,0.6031112603721394
./Multi-class Weather Dataset/Cloudy/cloudy254.jpg,Nuageux,300,300,0.3998121072679739
./Multi-class Weather Dataset/Cloudy/cloudy255.jpg,Nuageux,270,180,0.38997607806826434
./Multi-class Weather Dataset/Cloudy/cloudy256.jpg,Nuageux,263,168,0.3182418805849336
./Multi-class Weather Dataset/Cloudy/cloudy257.jpg,Nuageux,225,300,0.5648538299549746
./Multi-class Weather Dataset/Cloudy/cloudy258.jpg,Nuageux,258,169,0.338903067920072
./Multi-class Weather Dataset/Cloudy/cloudy259.jpg,Nuageux,211,159,0.47736509433377805
./Multi-class Weather Dataset/Cloudy/cloudy26.jpg,Nuageux,317,159,0.6472145727709174
./Multi-class Weather Dataset/Cloudy/cloudy260.jpg,Nuageux,226,151,0.5236012824791172
./Multi-class Weather Dataset/Cloudy/cloudy261.jpg,Nuageux,206,152,0.5092478334560702
./Multi-class Weather Dataset/Cloudy/cloudy262.jpg,Nuageux,206,155,0.3418182004384592
./Multi-class Weather Dataset/Cloudy/cloudy263.jpg,Nuageux,203,163,0.4499736886199371
./Multi-class Weather Dataset/Cloudy/cloudy264.jpg,Nuageux,268,168,0.3508300031704224
./Multi-class Weather Dataset/Cloudy/cloudy265.jpg,Nuageux,300,138,0.4575436977455717
./Multi-class Weather Dataset/Cloudy/cloudy266.jpg,Nuageux,252,168,0.4380658825474634
./Multi-class Weather Dataset/Cloudy/cloudy267.jpg,Nuageux,239,160,0.42414630207564197
./Multi-class Weather Dataset/Cloudy/cloudy268.jpg,Nuageux,300,300,0.5614962091503268
./Multi-class Weather Dataset/Cloudy/cloudy269.jpg,Nuageux,201,151,0.4561911547960755
./Multi-class Weather Dataset/Cloudy/cloudy27.jpg,Nuageux,1024,682,0.4195671830526562
./Multi-class Weather Dataset/Cloudy/cloudy270.jpg,Nuageux,238,158,0.3891339498614039
./Multi-class Weather Dataset/Cloudy/cloudy271.jpg,Nuageux,205,154,0.41800393771699373
./Multi-class Weather Dataset/Cloudy/cloudy272.jpg,Nuageux,227,171,0.5056302429347966
./Multi-class Weather Dataset/Cloudy/cloudy273.jpg,Nuageux,317,167,0.50236318087151
./Multi-class Weather Dataset/Cloudy/cloudy274.jpg,Nuageux,221,166,0.536158889804627
./Multi-class Weather Dataset/Cloudy/cloudy275.jpg,Nuageux,213,160,0.44450062175504007
./Multi-class Weather Dataset/Cloudy/cloudy276.jpg,Nuageux,227,151,0.25977545448357015
./Multi-class Weather Dataset/Cloudy/cloudy277.jpg,Nuageux,201,151,0.4367892546099524
./Multi-class Weather Dataset/Cloudy/cloudy278.jpg,Nuageux,272,182,0.4723793912316057
./Multi-class Weather Dataset/Cloudy/cloudy279.jpg,Nuageux,256,160,0.48762750659658405
./Multi-class Weather Dataset/Cloudy/cloudy28.jpg,Nuageux,768,508,0.3533234806786273
./Multi-class Weather Dataset/Cloudy/cloudy280.jpg,Nuageux,241,177,0.5156099330684755
./Multi-class Weather Dataset/Cloudy/cloudy281.jpg,Nuageux,209,155,0.4674068758371693
./Multi-class Weather Dataset/Cloudy/cloudy282.jpg,Nuageux,236,177,0.5375459279506114
./Multi-class Weather Dataset/Cloudy/cloudy283.jpg,Nuageux,228,171,0.43687318651088214
./Multi-class Weather Dataset/Cloudy/cloudy284.jpg,Nuageux,323,170,0.5171413839044997
./Multi-class Weather Dataset/Cloudy/cloudy285.jpg,Nuageux,267,167,0.32647094968907747
./Multi-class Weather Dataset/Cloudy/cloudy286.jpg,Nuageux,229,173,0.46324373937312513
./Multi-class Weather Dataset/Cloudy/cloudy287.jpg,Nuageux,278,157,0.6189916871478462
./Multi-class Weather Dataset/Cloudy/cloudy288.jpg,Nuageux,219,151,0.7463755092115772
./Multi-class Weather Dataset/Cloudy/cloudy289.jpg,Nuageux,254,170,0.545266201236956
./Multi-class Weather Dataset/Cloudy/cloudy29.jpg,Nuageux,274,184,0.33244120243495684
./Multi-class Weather Dataset/Cloudy/cloudy290.jpg,Nuageux,298,185,0.7440808322858982
./Multi-class Weather Dataset/Cloudy/cloudy291.jpg,Nuageux,236,177,0.5270847585116589
./Multi-class Weather Dataset/Cloudy/cloudy292.jpg,Nuageux,254,170,0.4389603937916065
./Multi-class Weather Dataset/Cloudy/cloudy293.jpg,Nuageux,226,151,0.6336387757939723
./Multi-class Weather Dataset/Cloudy/cloudy294.jpg,Nuageux,235,157,0.23581537823553325
./Multi-class Weather Dataset/Cloudy/cloudy295.jpg,Nuageux,281,159,0.4589588281901091
./Multi-class Weather Dataset/Cloudy/cloudy296.jpg,Nuageux,251,167,0.41990392599380566
./Multi-class Weather Dataset/Cloudy/cloudy297.jpg,Nuageux,270,178,0.29145023513092294
./Multi-class Weather Dataset/Cloudy/cloudy298.jpg,Nuageux,249,166,0.3429045764157504
./Multi-class Weather Dataset/Cloudy/cloudy299.jpg,Nuageux,267,178,0.5104364680220446
./Multi-class Weather Dataset/Cloudy/cloudy3.jpg,Nuageux,326,155,0.3831948952010648
./Multi-class Weather Dataset/Cloudy/cloudy30.jpg,Nuageux,550,412,0.4541538334942803
./Multi-class Weather Dataset/Cloudy/cloudy300.jpg,Nuageux,300,149,0.6689530332324429
./Multi-class Weather Dataset/Cloudy/cloudy31.jpg,Nuageux,800,600,0.5303318485955882
./Multi-class Weather Dataset/Cloudy/cloudy32.jpg,Nuageux,255,198,0.556853936566744
./Multi-class Weather Dataset/Cloudy/cloudy33.jpg,Nuageux,468,351,0.4619760791905336
./Multi-class Weather Dataset/Cloudy/cloudy34.jpg,Nuageux,550,412,0.4541538334942803
./Multi-class Weather Dataset/Cloudy/cloudy35.jpg,Nuageux,615,409,0.4784476374028173
./Multi-class Weather Dataset/Cloudy/cloudy36.jpg,Nuageux,259,194,0.5081773014260036
./Multi-class Weather Dataset/Cloudy/cloudy37.jpg,Nuageux,259,194,0.2537232144515649
./Multi-class Weather Dataset/Cloudy/cloudy38.jpg,Nuageux,768,508,0.3533234806786273
./Multi-class Weather Dataset/Cloudy/cloudy39.jpg,Nuageux,1024,682,0.4195671830526562
./Multi-class Weather Dataset/Cloudy/cloudy4.jpg,Nuageux,800,600,0.5840215562303921
./Multi-class Weather Dataset/Cloudy/cloudy40.jpg,Nuageux,183,275,0.4034422475555946
./Multi-class Weather Dataset/Cloudy/cloudy41.jpg,Nuageux,259,194,0.46135389084137424
./Multi-class Weather Dataset/Cloudy/cloudy42.jpg,Nuageux,260,194,0.41032164769635066
./Multi-class Weather Dataset/Cloudy/cloudy43.jpg,Nuageux,260,194,0.3478596654771346
./Multi-class Weather Dataset/Cloudy/cloudy44.jpg,Nuageux,225,225,0.324154356496732
./Multi-class Weather Dataset/Cloudy/cloudy45.jpg,Nuageux,260,194,0.47687966349458105
./Multi-class Weather Dataset/Cloudy/cloudy46.jpg,Nuageux,194,259,0.5731765696303598
./Multi-class Weather Dataset/Cloudy/cloudy47.jpg,Nuageux,700,438,0.2973748728316896
./Multi-class Weather Dataset/Cloudy/cloudy48.jpg,Nuageux,259,194,0.4529693756990118
./Multi-class Weather Dataset/Cloudy/cloudy49.jpg,Nuageux,300,168,0.29725756199035175
./Multi-class Weather Dataset/Cloudy/cloudy5.jpg,Nuageux,255,198,0.4993410908469548
./Multi-class Weather Dataset/Cloudy/cloudy50.jpg,Nuageux,273,185,0.3064467597578186
./Multi-class Weather Dataset/Cloudy/cloudy51.jpg,Nuageux,259,194,0.18922865379977566
./Multi-class Weather Dataset/Cloudy/cloudy52.jpg,Nuageux,259,194,0.3055470695472393
./Multi-class Weather Dataset/Cloudy/cloudy53.jpg,Nuageux,250,201,0.2177859508028485
./Multi-class Weather Dataset/Cloudy/cloudy54.jpg,Nuageux,259,194,0.4075783485486699
./Multi-class Weather Dataset/Cloudy/cloudy55.jpg,Nuageux,1600,971,0.4028539609458617
./Multi-class Weather Dataset/Cloudy/cloudy56.jpg,Nuageux,259,194,0.47015390162752196
./Multi-class Weather Dataset/Cloudy/cloudy57.jpg,Nuageux,700,421,0.39176577044119304
./Multi-class Weather Dataset/Cloudy/cloudy58.jpg,Nuageux,500,333,0.3523665312371195
./Multi-class Weather Dataset/Cloudy/cloudy59.jpg,Nuageux,275,183,0.5103148748818952
./Multi-class Weather Dataset/Cloudy/cloudy6.jpg,Nuageux,874,664,0.4076130328529084
./Multi-class Weather Dataset/Cloudy/cloudy60.jpg,Nuageux,1077,1600,0.4511172723578564
./Multi-class Weather Dataset/Cloudy/cloudy61.jpg,Nuageux,272,185,0.4417641603541257
./Multi-class Weather Dataset/Cloudy/cloudy62.jpg,Nuageux,500,309,0.12699198846627321
./Multi-class Weather Dataset/Cloudy/cloudy63.jpg,Nuageux,275,183,0.2769495506501855
./Multi-class Weather Dataset/Cloudy/cloudy64.jpg,Nuageux,480,360,0.17651137733523964
./Multi-class Weather Dataset/Cloudy/cloudy65.jpg,Nuageux,267,189,0.30620974944562374
./Multi-class Weather Dataset/Cloudy/cloudy66.jpg,Nuageux,640,453,0.0
./Multi-class Weather Dataset/Cloudy/cloudy67.jpg,Nuageux,224,224,0.27056174032112845
./Multi-class Weather Dataset/Cloudy/cloudy68.jpg,Nuageux,259,194,0.3279166110579088
./Multi-class Weather Dataset/Cloudy/cloudy69.jpg,Nuageux,225,225,0.23292754296780444
./Multi-class Weather Dataset/Cloudy/cloudy7.jpg,Nuageux,640,480,0.4302061376608456
./Multi-class Weather Dataset/Cloudy/cloudy70.jpg,Nuageux,800,540,0.2638373456790123
./Multi-class Weather Dataset/Cloudy/cloudy71.jpg,Nuageux,600,254,0.0
./Multi-class Weather Dataset/Cloudy/cloudy72.jpg,Nuageux,800,500,0.49545230496274517
./Multi-class Weather Dataset/Cloudy/cloudy73.jpg,Nuageux,225,225,0.5389571608540306
./Multi-class Weather Dataset/Cloudy/cloudy74.jpg,Nuageux,275,183,0.3120234654042839
./Multi-class Weather Dataset/Cloudy/cloudy75.jpg,Nuageux,900,676,0.34034021949117566
./Multi-class Weather Dataset/Cloudy/cloudy76.jpg,Nuageux,183,275,0.397035202501388
./Multi-class Weather Dataset/Cloudy/cloudy77.jpg,Nuageux,900,675,0.29396718280642303
./Multi-class Weather Dataset/Cloudy/cloudy78.jpg,Nuageux,259,194,0.4015963823946965
./Multi-class Weather Dataset/Cloudy/cloudy79.jpg,Nuageux,275,183,0.3385563011406251
./Multi-class Weather Dataset/Cloudy/cloudy8.jpg,Nuageux,1024,576,0.42201440905868104
./Multi-class Weather Dataset/Cloudy/cloudy80.jpg,Nuageux,350,200,0.5621259566386555
./Multi-class Weather Dataset/Cloudy/cloudy81.jpg,Nuageux,275,183,0.464598242755423
./Multi-class Weather Dataset/Cloudy/cloudy82.jpg,Nuageux,1600,1067,0.4041297948559276
./Multi-class Weather Dataset/Cloudy/cloudy83.jpg,Nuageux,852,480,0.500781934583947
./Multi-class Weather Dataset/Cloudy/cloudy84.jpg,Nuageux,852,480,0.5152617686844104
./Multi-class Weather Dataset/Cloudy/cloudy85.jpg,Nuageux,259,194,0.5291434705484311
./Multi-class Weather Dataset/Cloudy/cloudy86.jpg,Nuageux,259,194,0.5582171857910063
./Multi-class Weather Dataset/Cloudy/cloudy87.jpg,Nuageux,299,168,0.4407470310231115
./Multi-class Weather Dataset/Cloudy/cloudy88.jpg,Nuageux,299,168,0.5344448494046447
./Multi-class Weather Dataset/Cloudy/cloudy89.jpg,Nuageux,852,480,0.5474256161741693
./Multi-class Weather Dataset/Cloudy/cloudy9.jpg,Nuageux,259,194,0.437349184935607
./Multi-class Weather Dataset/Cloudy/cloudy90.jpg,Nuageux,852,480,0.4966449644492772
./Multi-class Weather Dataset/Cloudy/cloudy91.jpg,Nuageux,273,185,0.382599835217247
./Multi-class Weather Dataset/Cloudy/cloudy92.jpg,Nuageux,299,168,0.5608450034740763
./Multi-class Weather Dataset/Cloudy/cloudy93.jpg,Nuageux,259,194,0.32714274626874995
./Multi-class Weather Dataset/Cloudy/cloudy94.jpg,Nuageux,500,329,0.4470243534942488
./Multi-class Weather Dataset/Cloudy/cloudy95.jpg,Nuageux,1024,576,0.6058146310577723
./Multi-class Weather Dataset/Cloudy/cloudy96.jpg,Nuageux,299,168,0.6972502169385035
./Multi-class Weather Dataset/Cloudy/cloudy97.jpg,Nuageux,318,159,0.6068629855017835
./Multi-class Weather Dataset/Cloudy/cloudy98.jpg,Nuageux,301,167,0.5833790589701973
./Multi-class Weather Dataset/Cloudy/cloudy99.jpg,Nuageux,259,194,0.4968165634724217
./Multi-class Weather Dataset/Rain/rain1.jpg,Pluvieux,360,270,0.47282175744371824
./Multi-class Weather Dataset/Rain/rain10.jpg,Pluvieux,660,400,0.38465192454991093
./Multi-class Weather Dataset/Rain/rain100.jpg,Pluvieux,2059,1158,0.3488428623361193
./Multi-class Weather Dataset/Rain/rain101.jpg,Pluvieux,600,443,0.5908739849717464
./Multi-class Weather Dataset/Rain/rain102.jpg,Pluvieux,183,275,0.49517707876060507
./Multi-class Weather Dataset/Rain/rain103.jpg,Pluvieux,300,168,0.5122508699657642
./Multi-class Weather Dataset/Rain/rain104.jpg,Pluvieux,650,510,0.5705087488031231
./Multi-class Weather Dataset/Rain/rain105.jpg,Pluvieux,259,194,0.6802062703810976
./Multi-class Weather Dataset/Rain/rain106.jpg,Pluvieux,666,338,0.5252761894351714
./Multi-class Weather Dataset/Rain/rain107.jpg,Pluvieux,580,370,0.4337630763956654
./Multi-class Weather Dataset/Rain/rain108.jpg,Pluvieux,620,376,0.45649089693434003
./Multi-class Weather Dataset/Rain/rain109.jpg,Pluvieux,640,480,0.3871566689555248
./Multi-class Weather Dataset/Rain/rain11.jpg,Pluvieux,759,422,0.4150531058001256
./Multi-class Weather Dataset/Rain/rain110.jpg,Pluvieux,674,441,0.31378788664427204
./Multi-class Weather Dataset/Rain/rain111.jpg,Pluvieux,283,178,0.4321677876308741
./Multi-class Weather Dataset/Rain/rain112.jpg,Pluvieux,284,177,0.42435033341290684
./Multi-class Weather Dataset/Rain/rain113.jpg,Pluvieux,1024,683,0.5714781791944107
./Multi-class Weather Dataset/Rain/rain114.jpg,Pluvieux,275,183,0.5745685246992588
./Multi-class Weather Dataset/Rain/rain115.jpg,Pluvieux,370,305,0.7714925507675466
./Multi-class Weather Dataset/Rain/rain116.jpg,Pluvieux,1023,742,0.5150201433144128
./Multi-class Weather Dataset/Rain/rain117.jpg,Pluvieux,1024,622,0.407684223857851
./Multi-class Weather Dataset/Rain/rain118.jpg,Pluvieux,960,540,0.70716345726519
./Multi-class Weather Dataset/Rain/rain119.jpg,Pluvieux,350,200,0.43872385757422966
./Multi-class Weather Dataset/Rain/rain12.jpg,Pluvieux,268,188,0.4181923455236334
./Multi-class Weather Dataset/Rain/rain120.jpg,Pluvieux,268,188,0.5465435010803306
./Multi-class Weather Dataset/Rain/rain121.jpg,Pluvieux,183,275,0.5436264589034023
./Multi-class Weather Dataset/Rain/rain122.jpg,Pluvieux,620,376,0.45649089693434003
./Multi-class Weather Dataset/Rain/rain123.jpg,Pluvieux,680,455,0.3529585212099319
./Multi-class Weather Dataset/Rain/rain124.jpg,Pluvieux,759,422,0.7121644348871681
./Multi-class Weather Dataset/Rain/rain125.jpg,Pluvieux,400,300,0.7436423987222223
./Multi-class Weather Dataset/Rain/rain126.jpg,Pluvieux,595,335,0.5656353784847389
./Multi-class Weather Dataset/Rain/rain127.jpg,Pluvieux,292,173,0.648173526803389
./Multi-class Weather Dataset/Rain/rain128.jpg,Pluvieux,280,210,0.3086093152460984
./Multi-class Weather Dataset/Rain/rain129.jpg,Pluvieux,700,415,0.24261252079781306
./Multi-class Weather Dataset/Rain/rain13.jpg,Pluvieux,1024,626,0.44467262074797975
./Multi-class Weather Dataset/Rain/rain130.jpg,Pluvieux,600,300,0.3050361240326797
./Multi-class Weather Dataset/Rain/rain131.jpg,Pluvieux,275,183,0.3112265012088094
./Multi-class Weather Dataset/Rain/rain132.jpg,Pluvieux,550,383,0.3412200556559297
./Multi-class Weather Dataset/Rain/rain133.jpg,Pluvieux,800,542,0.27760435836046593
./Multi-class Weather Dataset/Rain/rain134.jpg,Pluvieux,275,183,0.33630485013685557
./Multi-class Weather Dataset/Rain/rain135.jpg,Pluvieux,620,413,0.33342228505727056
./Multi-class Weather Dataset/Rain/rain136.jpg,Pluvieux,590,329,0.595247444242753
./Multi-class Weather Dataset/Rain/rain137.jpg,Pluvieux,3000,1997,0.4303591905288654
./Multi-class Weather Dataset/Rain/rain138.jpg,Pluvieux,320,180,0.5110702355868736
./Multi-class Weather Dataset/Rain/rain139.jpg,Pluvieux,480,360,0.45685743893654684
./Multi-class Weather Dataset/Rain/rain14.jpg,Pluvieux,500,400,0.5317497418960784
./Multi-class Weather Dataset/Rain/rain140.jpg,Pluvieux,275,183,0.520728191905555
./Multi-class Weather Dataset/Rain/rain141.jpg,Pluvieux,384,288,0.5095256911691423
./Multi-class Weather Dataset/Rain/rain142.jpg,Pluvieux,640,420,0.585100073135504
./Multi-class Weather Dataset/Rain/rain143.jpg,Pluvieux,604,272,0.5714890194717835
./Multi-class Weather Dataset/Rain/rain144.jpg,Pluvieux,1600,1200,0.4979032278494693
./Multi-class Weather Dataset/Rain/rain145.jpg,Pluvieux,188,194,0.6372165607460357
./Multi-class Weather Dataset/Rain/rain146.jpg,Pluvieux,650,380,0.597418288101929
./Multi-class Weather Dataset/Rain/rain147.jpg,Pluvieux,680,365,0.4314165146418921
./Multi-class Weather Dataset/Rain/rain148.jpg,Pluvieux,800,531,0.5930521370130349
./Multi-class Weather Dataset/Rain/rain149.jpg,Pluvieux,276,183,0.45385927919009533
./Multi-class Weather Dataset/Rain/rain15.jpg,Pluvieux,640,480,0.37312614748774514
./Multi-class Weather Dataset/Rain/rain150.jpg,Pluvieux,468,282,0.3983255332550066
./Multi-class Weather Dataset/Rain/rain151.jpg,Pluvieux,300,158,0.4332750544303798
./Multi-class Weather Dataset/Rain/rain152.jpg,Pluvieux,620,413,0.522834124751705
./Multi-class Weather Dataset/Rain/rain153.jpg,Pluvieux,650,380,0.597418288101929
./Multi-class Weather Dataset/Rain/rain154.jpg,Pluvieux,260,194,0.41662073990452647
./Multi-class Weather Dataset/Rain/rain155.jpg,Pluvieux,810,455,0.17492328921023298
./Multi-class Weather Dataset/Rain/rain156.jpg,Pluvieux,185,273,0.5396317528491646
./Multi-class Weather Dataset/Rain/rain157.jpg,Pluvieux,300,168,0.2242518188219732
./Multi-class Weather Dataset/Rain/rain158.jpg,Pluvieux,460,307,0.4468801327285199
./Multi-class Weather Dataset/Rain/rain159.jpg,Pluvieux,858,536,0.5802153282606576
./Multi-class Weather Dataset/Rain/rain16.jpg,Pluvieux,480,388,0.5482568888362476
./Multi-class Weather Dataset/Rain/rain160.jpg,Pluvieux,964,859,0.5586071834469301
./Multi-class Weather Dataset/Rain/rain161.jpg,Pluvieux,680,365,0.43130141726311794
./Multi-class Weather Dataset/Rain/rain162.jpg,Pluvieux,480,360,0.3739401779230211
./Multi-class Weather Dataset/Rain/rain163.jpg,Pluvieux,460,288,0.5844953677625035
./Multi-class Weather Dataset/Rain/rain164.jpg,Pluvieux,275,183,0.5845032571189231
./Multi-class Weather Dataset/Rain/rain165.jpg,Pluvieux,550,366,0.6111444396988203
./Multi-class Weather Dataset/Rain/rain166.jpg,Pluvieux,259,194,0.5034259829169896
./Multi-class Weather Dataset/Rain/rain167.jpg,Pluvieux,900,600,0.49283533347639796
./Multi-class Weather Dataset/Rain/rain168.jpg,Pluvieux,273,184,0.5957551693397538
./Multi-class Weather Dataset/Rain/rain169.jpg,Pluvieux,850,532,0.5829413221730796
./Multi-class Weather Dataset/Rain/rain17.jpg,Pluvieux,280,180,0.3991497812091503
./Multi-class Weather Dataset/Rain/rain170.jpg,Pluvieux,692,384,0.43251762166059826
./Multi-class Weather Dataset/Rain/rain171.jpg,Pluvieux,300,225,0.40782726004938274
./Multi-class Weather Dataset/Rain/rain172.jpg,Pluvieux,600,400,0.3155117159558824
./Multi-class Weather Dataset/Rain/rain173.jpg,Pluvieux,326,300,0.4828358146798188
./Multi-class Weather Dataset/Rain/rain174.jpg,Pluvieux,650,400,0.4028300948024132
./Multi-class Weather Dataset/Rain/rain175.jpg,Pluvieux,594,277,0.3943251101801622
./Multi-class Weather Dataset/Rain/rain176.jpg,Pluvieux,1023,576,0.44308702971763814
./Multi-class Weather Dataset/Rain/rain177.jpg,Pluvieux,289,175,0.5450092288718947
./Multi-class Weather Dataset/Rain/rain178.jpg,Pluvieux,648,360,0.5424027906664382
./Multi-class Weather Dataset/Rain/rain179.jpg,Pluvieux,300,168,0.6127053066760038
./Multi-class Weather Dataset/Rain/rain18.jpg,Pluvieux,635,423,0.5679665356104578
./Multi-class Weather Dataset/Rain/rain180.jpg,Pluvieux,640,480,0.49394941209022664
./Multi-class Weather Dataset/Rain/rain181.jpg,Pluvieux,618,416,0.6291712365858094
./Multi-class Weather Dataset/Rain/rain182.jpg,Pluvieux,553,369,0.5762765229457706
./Multi-class Weather Dataset/Rain/rain183.jpg,Pluvieux,630,446,0.47351066117189283
./Multi-class Weather Dataset/Rain/rain184.jpg,Pluvieux,284,177,0.5203376340072114
./Multi-class Weather Dataset/Rain/rain185.jpg,Pluvieux,760,400,0.4936720158926728
./Multi-class Weather Dataset/Rain/rain186.jpg,Pluvieux,768,576,0.5461964503070108
./Multi-class Weather Dataset/Rain/rain187.jpg,Pluvieux,280,160,0.3819033049982492
./Multi-class Weather Dataset/Rain/rain188.jpg,Pluvieux,274,184,0.3804698459405977
./Multi-class Weather Dataset/Rain/rain189.jpg,Pluvieux,290,174,0.3783312565106899
./Multi-class Weather Dataset/Rain/rain19.jpg,Pluvieux,634,422,0.583000075922605
./Multi-class Weather Dataset/Rain/rain190.jpg,Pluvieux,852,480,0.44259196735382345
./Multi-class Weather Dataset/Rain/rain191.jpg,Pluvieux,259,194,0.5795415354885337
./Multi-class Weather Dataset/Rain/rain192.jpg,Pluvieux,271,186,0.504366931807838
./Multi-class Weather Dataset/Rain/rain193.jpg,Pluvieux,310,163,0.44343984032781925
./Multi-class Weather Dataset/Rain/rain194.jpg,Pluvieux,259,194,0.3236440985254509
./Multi-class Weather Dataset/Rain/rain195.jpg,Pluvieux,1028,735,0.4859703626150848
./Multi-class Weather Dataset/Rain/rain196.jpg,Pluvieux,275,183,0.6016556796820666
./Multi-class Weather Dataset/Rain/rain197.jpg,Pluvieux,275,183,0.44745119992207516
./Multi-class Weather Dataset/Rain/rain198.jpg,Pluvieux,299,168,0.559754244860709
./Multi-class Weather Dataset/Rain/rain199.jpg,Pluvieux,651,445,0.5370319267261815
./Multi-class Weather Dataset/Rain/rain2.jpg,Pluvieux,250,225,0.2737662424679738
./Multi-class Weather Dataset/Rain/rain20.jpg,Pluvieux,620,413,0.5922582893653908
./Multi-class Weather Dataset/Rain/rain200.jpg,Pluvieux,612,405,0.7300408338182687
./Multi-class Weather Dataset/Rain/rain201.jpg,Pluvieux,615,414,0.34497141511777724
./Multi-class Weather Dataset/Rain/rain202.jpg,Pluvieux,225,225,0.3765435471972888
./Multi-class Weather Dataset/Rain/rain203.jpg,Pluvieux,600,315,0.40555570724971474
./Multi-class Weather Dataset/Rain/rain204.jpg,Pluvieux,276,183,0.44103991376244805
./Multi-class Weather Dataset/Rain/rain205.jpg,Pluvieux,417,352,0.4763623610897378
./Multi-class Weather Dataset/Rain/rain206.jpg,Pluvieux,275,183,0.46534149988993107
./Multi-class Weather Dataset/Rain/rain207.jpg,Pluvieux,600,600,0.3535420633191722
./Multi-class Weather Dataset/Rain/rain208.jpg,Pluvieux,800,466,0.6007443989196753
./Multi-class Weather Dataset/Rain/rain209.jpg,Pluvieux,2048,1360,0.482711232204626
./Multi-class Weather Dataset/Rain/rain21.jpg,Pluvieux,620,413,0.45895528687669707
./Multi-class Weather Dataset/Rain/rain210.jpg,Pluvieux,1024,683,0.5097437070960682
./Multi-class Weather Dataset/Rain/rain211.jpg,Pluvieux,960,720,0.48946529606254535
./Multi-class Weather Dataset/Rain/rain212.jpg,Pluvieux,259,194,0.4946420834669895
./Multi-class Weather Dataset/Rain/rain213.jpg,Pluvieux,299,168,0.418431186471244
./Multi-class Weather Dataset/Rain/rain214.jpg,Pluvieux,299,168,0.41567243185345487
./Multi-class Weather Dataset/Rain/rain215.jpg,Pluvieux,303,171,0.46857765324244843
./Multi-class Weather Dataset/Rain/rain22.jpeg,Pluvieux,3500,2453,0.49338821273807537
./Multi-class Weather Dataset/Rain/rain23.jpg,Pluvieux,635,459,0.4359588209380402
./Multi-class Weather Dataset/Rain/rain24.jpeg,Pluvieux,640,420,0.585100073135504
./Multi-class Weather Dataset/Rain/rain25.jpg,Pluvieux,1000,746,0.46484016599432243
./Multi-class Weather Dataset/Rain/rain26.jpg,Pluvieux,590,329,0.595247444242753
./Multi-class Weather Dataset/Rain/rain27.jpg,Pluvieux,275,183,0.5231672578436243
./Multi-class Weather Dataset/Rain/rain28.jpg,Pluvieux,700,415,0.4555431761209543
./Multi-class Weather Dataset/Rain/rain29.jpg,Pluvieux,700,415,0.4555431761209543
./Multi-class Weather Dataset/Rain/rain3.jpg,Pluvieux,274,184,0.44143107969147666
./Multi-class Weather Dataset/Rain/rain30.jpg,Pluvieux,289,174,0.3981633453118749
./Multi-class Weather Dataset/Rain/rain31.jpg,Pluvieux,852,480,0.11959583153537234
./Multi-class Weather Dataset/Rain/rain32.jpg,Pluvieux,236,243,0.6372161363850835
./Multi-class Weather Dataset/Rain/rain33.jpg,Pluvieux,852,480,0.18966431125724934
./Multi-class Weather Dataset/Rain/rain34.jpg,Pluvieux,283,178,0.6800744655856544
./Multi-class Weather Dataset/Rain/rain35.jpg,Pluvieux,299,168,0.5735077134566201
./Multi-class Weather Dataset/Rain/rain36.jpg,Pluvieux,290,174,0.5766482481794938
./Multi-class Weather Dataset/Rain/rain37.jpg,Pluvieux,1600,1067,0.5191185227925099
./Multi-class Weather Dataset/Rain/rain38.jpg,Pluvieux,259,194,0.5795415354885337
./Multi-class Weather Dataset/Rain/rain39.jpg,Pluvieux,400,224,0.5349741763611694
./Multi-class Weather Dataset/Rain/rain4.jpg,Pluvieux,275,183,0.503508913193653
./Multi-class Weather Dataset/Rain/rain40.jpg,Pluvieux,289,175,0.511991359219951
./Multi-class Weather Dataset/Rain/rain41.jpg,Pluvieux,900,506,0.3816738774669112
./Multi-class Weather Dataset/Rain/rain42.jpg,Pluvieux,468,351,0.44857234417740105
./Multi-class Weather Dataset/Rain/rain43.jpg,Pluvieux,450,300,0.44324368150472043
./Multi-class Weather Dataset/Rain/rain44.jpg,Pluvieux,268,188,0.47955964573253884
./Multi-class Weather Dataset/Rain/rain45.jpg,Pluvieux,266,190,0.4866821474817074
./Multi-class Weather Dataset/Rain/rain46.jpg,Pluvieux,852,480,0.42859539561661925
./Multi-class Weather Dataset/Rain/rain47.jpg,Pluvieux,852,480,0.3797476230208045
./Multi-class Weather Dataset/Rain/rain48.jpg,Pluvieux,852,480,0.36252285975424997
./Multi-class Weather Dataset/Rain/rain49.jpg,Pluvieux,590,332,0.480467099674871
./Multi-class Weather Dataset/Rain/rain5.jpg,Pluvieux,300,168,0.49579123238406475
./Multi-class Weather Dataset/Rain/rain50.jpg,Pluvieux,852,480,0.31580744319594034
./Multi-class Weather Dataset/Rain/rain51.jpg,Pluvieux,759,422,0.5241394056013278
./Multi-class Weather Dataset/Rain/rain52.jpg,Pluvieux,2244,1458,0.5444386985369571
./Multi-class Weather Dataset/Rain/rain53.jpg,Pluvieux,725,400,0.4857338116646383
./Multi-class Weather Dataset/Rain/rain54.jpg,Pluvieux,870,488,0.49670662975740504
./Multi-class Weather Dataset/Rain/rain55.jpg,Pluvieux,640,402,0.5548037301574236
./Multi-class Weather Dataset/Rain/rain56.jpg,Pluvieux,615,409,0.24168559190881708
./Multi-class Weather Dataset/Rain/rain57.jpg,Pluvieux,300,354,0.2889040097337617
./Multi-class Weather Dataset/Rain/rain58.jpg,Pluvieux,320,180,0.200583123999183
./Multi-class Weather Dataset/Rain/rain59.jpg,Pluvieux,300,168,0.42838557700746965
./Multi-class Weather Dataset/Rain/rain6.jpg,Pluvieux,299,168,0.3628621970527341
./Multi-class Weather Dataset/Rain/rain60.jpg,Pluvieux,480,360,0.2948356933165395
./Multi-class Weather Dataset/Rain/rain61.jpg,Pluvieux,300,168,0.302535077404295
./Multi-class Weather Dataset/Rain/rain62.jpg,Pluvieux,253,199,0.3781631135916738
./Multi-class Weather Dataset/Rain/rain63.jpg,Pluvieux,1191,670,0.5266197003710641
./Multi-class Weather Dataset/Rain/rain64.jpg,Pluvieux,852,480,0.462625443157584
./Multi-class Weather Dataset/Rain/rain65.jpg,Pluvieux,300,168,0.6388682420634921
./Multi-class Weather Dataset/Rain/rain66.jpg,Pluvieux,284,177,0.5491542804060432
./Multi-class Weather Dataset/Rain/rain67.jpg,Pluvieux,800,533,0.27333158632325355
./Multi-class Weather Dataset/Rain/rain68.jpg,Pluvieux,300,168,0.16370377289137877
./Multi-class Weather Dataset/Rain/rain69.jpg,Pluvieux,1600,900,0.2612086671533226
./Multi-class Weather Dataset/Rain/rain7.jpg,Pluvieux,259,194,0.6022124279525127
./Multi-class Weather Dataset/Rain/rain70.jpg,Pluvieux,299,168,0.4298011184183819
./Multi-class Weather Dataset/Rain/rain71.jpg,Pluvieux,320,221,0.33083876876497204
./Multi-class Weather Dataset/Rain/rain72.jpg,Pluvieux,3000,2034,0.5215347718028165
./Multi-class Weather Dataset/Rain/rain73.jpg,Pluvieux,360,270,0.47282175744371824
./Multi-class Weather Dataset/Rain/rain74.jpg,Pluvieux,250,225,0.2737662424679738
./Multi-class Weather Dataset/Rain/rain75.jpg,Pluvieux,600,400,0.503302494504902
./Multi-class Weather Dataset/Rain/rain76.jpg,Pluvieux,650,487,0.6017839717481053
./Multi-class Weather Dataset/Rain/rain77.jpg,Pluvieux,800,480,0.5522562038082106
./Multi-class Weather Dataset/Rain/rain78.jpg,Pluvieux,275,183,0.4932659800317544
./Multi-class Weather Dataset/Rain/rain79.jpg,Pluvieux,300,168,0.3676102520697168
./Multi-class Weather Dataset/Rain/rain8.jpg,Pluvieux,570,400,0.5077038171087033
./Multi-class Weather Dataset/Rain/rain80.jpg,Pluvieux,2354,1325,0.4822012120205022
./Multi-class Weather Dataset/Rain/rain81.jpg,Pluvieux,800,600,0.5086368727263071
./Multi-class Weather Dataset/Rain/rain82.jpg,Pluvieux,259,194,0.5918018443844519
./Multi-class Weather Dataset/Rain/rain83.jpg,Pluvieux,1668,1500,0.2729277544066706
./Multi-class Weather Dataset/Rain/rain84.jpg,Pluvieux,284,177,0.3912493664390241
./Multi-class Weather Dataset/Rain/rain85.jpg,Pluvieux,1920,1080,0.35483072492548706
./Multi-class Weather Dataset/Rain/rain86.jpg,Pluvieux,852,480,0.615768834344027
./Multi-class Weather Dataset/Rain/rain87.jpg,Pluvieux,852,480,0.43910116407184946
./Multi-class Weather Dataset/Rain/rain88.jpg,Pluvieux,1920,1080,0.49542768690654465
./Multi-class Weather Dataset/Rain/rain89.jpg,Pluvieux,276,183,0.44110374647697037
./Multi-class Weather Dataset/Rain/rain9.jpg,Pluvieux,292,173,0.6283449110823361
./Multi-class Weather Dataset/Rain/rain90.jpg,Pluvieux,4288,2848,0.5178723528707866
./Multi-class Weather Dataset/Rain/rain91.jpg,Pluvieux,281,180,0.44672951872010175
./Multi-class Weather Dataset/Rain/rain92.jpg,Pluvieux,259,194,0.4945153020082371
./Multi-class Weather Dataset/Rain/rain93.jpg,Pluvieux,310,163,0.43319979947458903
./Multi-class Weather Dataset/Rain/rain94.jpg,Pluvieux,1280,720,0.2765812667896412
./Multi-class Weather Dataset/Rain/rain95.jpg,Pluvieux,259,194,0.1380622986514193
./Multi-class Weather Dataset/Rain/rain96.jpg,Pluvieux,700,415,0.4555431761209543
./Multi-class Weather Dataset/Rain/rain97.jpg,Pluvieux,539,303,0.5679072977021592
./Multi-class Weather Dataset/Rain/rain98.jpg,Pluvieux,275,183,0.6232379485111481
./Multi-class Weather Dataset/Rain/rain99.jpg,Pluvieux,275,183,0.6724548337999084
./Multi-class Weather Dataset/Shine/shine1.jpg,Ensoleillé,1920,1080,0.4330295113876029
./Multi-class Weather Dataset/Shine/shine10.jpg,Ensoleillé,168,300,0.5317355783769063
./Multi-class Weather Dataset/Shine/shine100.jpg,Ensoleillé,480,640,0.5198763281556372
./Multi-class Weather Dataset/Shine/shine101.jpg,Ensoleillé,284,177,0.4093951779949666
./Multi-class Weather Dataset/Shine/shine102.jpg,Ensoleillé,688,456,0.515054809487774
./Multi-class Weather Dataset/Shine/shine103.jpg,Ensoleillé,275,183,0.6930398745487665
./Multi-class Weather Dataset/Shine/shine104.jpg,Ensoleillé,300,168,0.7936259549719888
./Multi-class Weather Dataset/Shine/shine105.jpg,Ensoleillé,644,402,0.7245272981623971
./Multi-class Weather Dataset/Shine/shine106.jpg,Ensoleillé,300,168,0.7021753556255836
./Multi-class Weather Dataset/Shine/shine107.jpg,Ensoleillé,275,183,0.5515449062037929
./Multi-class Weather Dataset/Shine/shine108.jpg,Ensoleillé,300,168,0.6281430397836912
./Multi-class Weather Dataset/Shine/shine109.jpg,Ensoleillé,274,184,0.6176778132914542
./Multi-class Weather Dataset/Shine/shine11.jpg,Ensoleillé,183,275,0.5612552675998169
./Multi-class Weather Dataset/Shine/shine110.jpg,Ensoleillé,278,181,0.49012511363414957
./Multi-class Weather Dataset/Shine/shine111.jpg,Ensoleillé,275,183,0.7444450594975793
./Multi-class Weather Dataset/Shine/shine112.jpg,Ensoleillé,691,461,0.6554171440224335
./Multi-class Weather Dataset/Shine/shine113.jpg,Ensoleillé,1920,1200,0.5755179295482706
./Multi-class Weather Dataset/Shine/shine114.jpg,Ensoleillé,259,194,0.5514224808998551
./Multi-class Weather Dataset/Shine/shine115.jpg,Ensoleillé,852,480,0.5223404589355305
./Multi-class Weather Dataset/Shine/shine116.jpg,Ensoleillé,550,413,0.5028323453898047
./Multi-class Weather Dataset/Shine/shine117.jpg,Ensoleillé,300,168,0.4597855699346406
./Multi-class Weather Dataset/Shine/shine118.jpg,Ensoleillé,440,330,0.567612232409658
./Multi-class Weather Dataset/Shine/shine119.jpg,Ensoleillé,350,200,0.5260289555406162
./Multi-class Weather Dataset/Shine/shine12.jpg,Ensoleillé,284,177,0.5864256195341987
./Multi-class Weather Dataset/Shine/shine120.jpg,Ensoleillé,284,177,0.49324592792046396
./Multi-class Weather Dataset/Shine/shine121.jpg,Ensoleillé,1920,1080,0.567454488397369
./Multi-class Weather Dataset/Shine/shine122.jpg,Ensoleillé,300,168,0.5703993869203237
./Multi-class Weather Dataset/Shine/shine123.jpg,Ensoleillé,240,180,0.5577691962327525
./Multi-class Weather Dataset/Shine/shine124.jpg,Ensoleillé,180,140,0.42263463599439777
./Multi-class Weather Dataset/Shine/shine125.jpg,Ensoleillé,1024,768,0.43947846368876925
./Multi-class Weather Dataset/Shine/shine126.jpg,Ensoleillé,287,175,0.43988002778086843
./Multi-class Weather Dataset/Shine/shine127.jpg,Ensoleillé,284,177,0.0
./Multi-class Weather Dataset/Shine/shine128.jpg,Ensoleillé,318,247,0.33657672717323633
./Multi-class Weather Dataset/Shine/shine129.jpg,Ensoleillé,620,413,0.3774473711400362
./Multi-class Weather Dataset/Shine/shine13.jpg,Ensoleillé,284,177,0.6268907155060639
./Multi-class Weather Dataset/Shine/shine130.jpg,Ensoleillé,300,168,0.6929847027388732
./Multi-class Weather Dataset/Shine/shine131.jpg,Ensoleillé,480,360,0.451353162559005
./Multi-class Weather Dataset/Shine/shine132.jpg,Ensoleillé,300,168,0.5099648897136633
./Multi-class Weather Dataset/Shine/shine133.jpg,Ensoleillé,600,450,0.5156630857995642
./Multi-class Weather Dataset/Shine/shine134.jpg,Ensoleillé,267,189,0.5564073615030698
./Multi-class Weather Dataset/Shine/shine135.jpg,Ensoleillé,238,212,0.4524617029864111
./Multi-class Weather Dataset/Shine/shine136.jpg,Ensoleillé,608,458,0.44152244060132667
./Multi-class Weather Dataset/Shine/shine137.jpg,Ensoleillé,259,194,0.590104355246696
./Multi-class Weather Dataset/Shine/shine138.jpg,Ensoleillé,290,174,0.5187762024744896
./Multi-class Weather Dataset/Shine/shine139.jpg,Ensoleillé,259,194,0.5189827230652639
./Multi-class Weather Dataset/Shine/shine14.jpg,Ensoleillé,276,183,0.6175029687550951
./Multi-class Weather Dataset/Shine/shine140.jpg,Ensoleillé,1200,680,0.6087242869170512
./Multi-class Weather Dataset/Shine/shine141.jpg,Ensoleillé,600,360,0.5189422876016703
./Multi-class Weather Dataset/Shine/shine142.jpg,Ensoleillé,450,300,0.6590523390965868
./Multi-class Weather Dataset/Shine/shine143.jpg,Ensoleillé,852,480,0.6191352341232854
./Multi-class Weather Dataset/Shine/shine144.jpg,Ensoleillé,852,480,0.633114545433275
./Multi-class Weather Dataset/Shine/shine145.jpg,Ensoleillé,259,194,0.4988962923748491
./Multi-class Weather Dataset/Shine/shine146.jpg,Ensoleillé,840,560,0.34384631153544754
./Multi-class Weather Dataset/Shine/shine147.jpg,Ensoleillé,250,156,0.6917092432981398
./Multi-class Weather Dataset/Shine/shine148.jpg,Ensoleillé,232,174,0.4472420174686997
./Multi-class Weather Dataset/Shine/shine149.jpg,Ensoleillé,242,182,0.5893636956804337
./Multi-class Weather Dataset/Shine/shine15.jpg,Ensoleillé,275,183,0.6023817077233278
./Multi-class Weather Dataset/Shine/shine150.jpg,Ensoleillé,283,159,0.3625520741382759
./Multi-class Weather Dataset/Shine/shine151.jpg,Ensoleillé,283,159,0.5246199260342846
./Multi-class Weather Dataset/Shine/shine152.jpg,Ensoleillé,258,161,0.7471893873316093
./Multi-class Weather Dataset/Shine/shine153.jpg,Ensoleillé,235,157,0.7927129282622386
./Multi-class Weather Dataset/Shine/shine154.jpg,Ensoleillé,327,135,0.5552164123310215
./Multi-class Weather Dataset/Shine/shine155.jpg,Ensoleillé,231,154,0.36207438407870035
./Multi-class Weather Dataset/Shine/shine156.jpg,Ensoleillé,244,151,0.5365647773761552
./Multi-class Weather Dataset/Shine/shine157.jpg,Ensoleillé,314,177,0.6283220820835442
./Multi-class Weather Dataset/Shine/shine158.jpg,Ensoleillé,269,168,0.6214656625587038
./Multi-class Weather Dataset/Shine/shine159.jpg,Ensoleillé,244,173,0.6916140508042504
./Multi-class Weather Dataset/Shine/shine16.jpg,Ensoleillé,283,178,0.5464642355338928
./Multi-class Weather Dataset/Shine/shine160.jpg,Ensoleillé,180,178,0.5059185801449169
./Multi-class Weather Dataset/Shine/shine161.jpg,Ensoleillé,307,173,0.6762005274340348
./Multi-class Weather Dataset/Shine/shine162.jpg,Ensoleillé,262,161,0.7904973357002942
./Multi-class Weather Dataset/Shine/shine163.jpg,Ensoleillé,266,166,0.517884455646558
./Multi-class Weather Dataset/Shine/shine164.jpg,Ensoleillé,281,183,0.6409294329500075
./Multi-class Weather Dataset/Shine/shine165.jpg,Ensoleillé,209,169,0.6432721370445066
./Multi-class Weather Dataset/Shine/shine166.jpg,Ensoleillé,243,162,0.6625146265962565
./Multi-class Weather Dataset/Shine/shine167.jpg,Ensoleillé,300,188,0.6557161018356278
./Multi-class Weather Dataset/Shine/shine168.jpg,Ensoleillé,253,168,0.4728956942460779
./Multi-class Weather Dataset/Shine/shine169.jpg,Ensoleillé,223,165,0.6525045559472329
./Multi-class Weather Dataset/Shine/shine17.jpg,Ensoleillé,275,183,0.5425996788560631
./Multi-class Weather Dataset/Shine/shine170.jpg,Ensoleillé,245,164,0.5492047117188339
./Multi-class Weather Dataset/Shine/shine171.jpg,Ensoleillé,271,179,0.434357913021194
./Multi-class Weather Dataset/Shine/shine172.jpg,Ensoleillé,184,183,0.6635266493368552
./Multi-class Weather Dataset/Shine/shine173.jpg,Ensoleillé,231,154,0.7310832562556703
./Multi-class Weather Dataset/Shine/shine174.jpg,Ensoleillé,239,180,0.7224985547898378
./Multi-class Weather Dataset/Shine/shine175.jpg,Ensoleillé,274,171,0.5968589379440682
./Multi-class Weather Dataset/Shine/shine176.jpg,Ensoleillé,314,177,0.6098799480045356
./Multi-class Weather Dataset/Shine/shine177.jpg,Ensoleillé,199,155,0.584791101478296
./Multi-class Weather Dataset/Shine/shine178.jpg,Ensoleillé,275,155,0.6901983824736933
./Multi-class Weather Dataset/Shine/shine179.jpg,Ensoleillé,280,175,0.4334933794717887
./Multi-class Weather Dataset/Shine/shine18.jpg,Ensoleillé,1024,768,0.6943768595587039
./Multi-class Weather Dataset/Shine/shine180.jpg,Ensoleillé,244,183,0.567590537147404
./Multi-class Weather Dataset/Shine/shine181.jpg,Ensoleillé,259,172,0.5471690018345491
./Multi-class Weather Dataset/Shine/shine182.jpg,Ensoleillé,300,167,0.4780275547101875
./Multi-class Weather Dataset/Shine/shine183.jpg,Ensoleillé,300,111,0.5424809548018608
./Multi-class Weather Dataset/Shine/shine184.jpg,Ensoleillé,252,168,0.8107004664087858
./Multi-class Weather Dataset/Shine/shine185.jpg,Ensoleillé,221,166,0.7863023351323848
./Multi-class Weather Dataset/Shine/shine186.jpg,Ensoleillé,158,153,0.644829034824321
./Multi-class Weather Dataset/Shine/shine187.jpg,Ensoleillé,275,155,0.6081409265206141
./Multi-class Weather Dataset/Shine/shine188.jpg,Ensoleillé,264,165,0.6402808516177821
./Multi-class Weather Dataset/Shine/shine189.jpg,Ensoleillé,244,153,0.5764243576136123
./Multi-class Weather Dataset/Shine/shine19.jpg,Ensoleillé,286,176,0.6328214916856763
./Multi-class Weather Dataset/Shine/shine190.jpg,Ensoleillé,198,159,0.6141081509384136
./Multi-class Weather Dataset/Shine/shine191.jpg,Ensoleillé,257,161,0.4176580822252773
./Multi-class Weather Dataset/Shine/shine192.jpg,Ensoleillé,168,162,0.6462910805206857
./Multi-class Weather Dataset/Shine/shine193.jpg,Ensoleillé,275,174,0.5961874439158318
./Multi-class Weather Dataset/Shine/shine194.jpg,Ensoleillé,254,170,0.3560076847850766
./Multi-class Weather Dataset/Shine/shine195.jpg,Ensoleillé,245,158,0.41416131940371087
./Multi-class Weather Dataset/Shine/shine196.jpg,Ensoleillé,245,153,0.4418167201207281
./Multi-class Weather Dataset/Shine/shine197.jpg,Ensoleillé,300,172,0.5647732531995744
./Multi-class Weather Dataset/Shine/shine198.jpg,Ensoleillé,235,178,0.6637731675174492
./Multi-class Weather Dataset/Shine/shine199.jpg,Ensoleillé,263,164,0.6923090306091831
./Multi-class Weather Dataset/Shine/shine2.jpg,Ensoleillé,300,168,0.5086671760971055
./Multi-class Weather Dataset/Shine/shine20.jpg,Ensoleillé,259,194,0.5483360951413165
./Multi-class Weather Dataset/Shine/shine200.jpg,Ensoleillé,228,171,0.5378978260480349
./Multi-class Weather Dataset/Shine/shine201.jpg,Ensoleillé,263,164,0.5381033894947204
./Multi-class Weather Dataset/Shine/shine202.jpg,Ensoleillé,225,169,0.5645762349125316
./Multi-class Weather Dataset/Shine/shine203.jpg,Ensoleillé,230,164,0.5075400979352505
./Multi-class Weather Dataset/Shine/shine204.jpg,Ensoleillé,288,162,0.43372911394032915
./Multi-class Weather Dataset/Shine/shine205.jpg,Ensoleillé,282,176,0.6922777842331325
./Multi-class Weather Dataset/Shine/shine206.jpg,Ensoleillé,287,161,0.6405490651743199
./Multi-class Weather Dataset/Shine/shine207.jpg,Ensoleillé,300,168,0.7220202927715531
./Multi-class Weather Dataset/Shine/shine208.jpg,Ensoleillé,266,166,0.5180491942560157
./Multi-class Weather Dataset/Shine/shine209.jpg,Ensoleillé,200,300,0.5001443189673204
./Multi-class Weather Dataset/Shine/shine21.jpg,Ensoleillé,300,168,0.5936949154450669
./Multi-class Weather Dataset/Shine/shine210.jpg,Ensoleillé,238,179,0.49442930813337505
./Multi-class Weather Dataset/Shine/shine211.jpg,Ensoleillé,248,251,0.5654175513505749
./Multi-class Weather Dataset/Shine/shine212.jpg,Ensoleillé,220,165,0.3299641705396208
./Multi-class Weather Dataset/Shine/shine213.jpg,Ensoleillé,259,162,0.5923829439710485
./Multi-class Weather Dataset/Shine/shine214.jpg,Ensoleillé,206,155,0.32838280954047755
./Multi-class Weather Dataset/Shine/shine215.jpg,Ensoleillé,273,182,0.5632312359184305
./Multi-class Weather Dataset/Shine/shine216.jpg,Ensoleillé,230,153,0.5220813285302753
./Multi-class Weather Dataset/Shine/shine217.jpg,Ensoleillé,270,169,0.4336446482577252
./Multi-class Weather Dataset/Shine/shine218.jpg,Ensoleillé,226,181,0.6161337609708725
./Multi-class Weather Dataset/Shine/shine219.jpg,Ensoleillé,241,151,0.6482914793950885
./Multi-class Weather Dataset/Shine/shine22.jpg,Ensoleillé,225,225,0.5466966180004843
./Multi-class Weather Dataset/Shine/shine220.jpg,Ensoleillé,219,180,0.5048182036191442
./Multi-class Weather Dataset/Shine/shine221.jpg,Ensoleillé,240,160,0.38148388239379083
./Multi-class Weather Dataset/Shine/shine222.jpg,Ensoleillé,269,180,0.6254553531841485
./Multi-class Weather Dataset/Shine/shine223.jpg,Ensoleillé,261,174,0.7801251820938002
./Multi-class Weather Dataset/Shine/shine224.jpg,Ensoleillé,300,168,0.5302658441565515
./Multi-class Weather Dataset/Shine/shine225.jpg,Ensoleillé,227,152,0.7084854102280838
./Multi-class Weather Dataset/Shine/shine226.jpg,Ensoleillé,229,171,0.8138891965135604
./Multi-class Weather Dataset/Shine/shine227.jpg,Ensoleillé,263,164,0.6104899835525419
./Multi-class Weather Dataset/Shine/shine228.jpg,Ensoleillé,290,161,0.4770752991907408
./Multi-class Weather Dataset/Shine/shine229.jpg,Ensoleillé,221,166,0.4323912608432132
./Multi-class Weather Dataset/Shine/shine23.jpg,Ensoleillé,259,194,0.6697733009670852
./Multi-class Weather Dataset/Shine/shine230.jpg,Ensoleillé,230,168,0.5927562327771688
./Multi-class Weather Dataset/Shine/shine231.jpg,Ensoleillé,252,168,0.60023749271931
./Multi-class Weather Dataset/Shine/shine232.jpg,Ensoleillé,280,175,0.5974359367106843
./Multi-class Weather Dataset/Shine/shine233.jpg,Ensoleillé,221,166,0.38921267437597074
./Multi-class Weather Dataset/Shine/shine234.jpg,Ensoleillé,237,177,0.698186356878731
./Multi-class Weather Dataset/Shine/shine235.jpg,Ensoleillé,235,156,0.5714961777221528
./Multi-class Weather Dataset/Shine/shine236.jpg,Ensoleillé,237,157,0.46260299975917696
./Multi-class Weather Dataset/Shine/shine237.jpg,Ensoleillé,220,165,0.6078848192189272
./Multi-class Weather Dataset/Shine/shine238.jpg,Ensoleillé,263,164,0.6228819940883706
./Multi-class Weather Dataset/Shine/shine239.jpg,Ensoleillé,211,172,0.6339429533976051
./Multi-class Weather Dataset/Shine/shine24.jpg,Ensoleillé,852,480,0.5359581406935623
./Multi-class Weather Dataset/Shine/shine240.jpg,Ensoleillé,307,173,0.6447505269356335
./Multi-class Weather Dataset/Shine/shine241.jpg,Ensoleillé,325,183,0.6626976973683125
./Multi-class Weather Dataset/Shine/shine242.jpg,Ensoleillé,260,163,0.44084821959118714
./Multi-class Weather Dataset/Shine/shine243.jpg,Ensoleillé,300,168,0.48487576887643946
./Multi-class Weather Dataset/Shine/shine244.jpg,Ensoleillé,300,168,0.623777192849362
./Multi-class Weather Dataset/Shine/shine245.jpg,Ensoleillé,261,174,0.556301164985834
./Multi-class Weather Dataset/Shine/shine246.jpg,Ensoleillé,300,168,0.6236234010971055
./Multi-class Weather Dataset/Shine/shine247.jpg,Ensoleillé,204,153,0.5295645305601415
./Multi-class Weather Dataset/Shine/shine248.jpg,Ensoleillé,221,166,0.6594078617370734
./Multi-class Weather Dataset/Shine/shine249.jpg,Ensoleillé,264,154,0.5890254707117006
./Multi-class Weather Dataset/Shine/shine25.jpg,Ensoleillé,852,480,0.5223404589355305
./Multi-class Weather Dataset/Shine/shine250.jpg,Ensoleillé,233,175,0.5359883415106815
./Multi-class Weather Dataset/Shine/shine251.jpg,Ensoleillé,302,170,0.4355685972715537
./Multi-class Weather Dataset/Shine/shine252.jpg,Ensoleillé,250,156,0.39960321969834084
./Multi-class Weather Dataset/Shine/shine253.jpg,Ensoleillé,367,137,0.6752263771605423
./Multi-class Weather Dataset/Shine/shine26.jpg,Ensoleillé,299,168,0.6125519701916441
./Multi-class Weather Dataset/Shine/shine27.jpg,Ensoleillé,183,275,0.6929316033390804
./Multi-class Weather Dataset/Shine/shine28.jpg,Ensoleillé,400,226,0.6689680149531494
./Multi-class Weather Dataset/Shine/shine29.jpg,Ensoleillé,275,183,0.43220631894255956
./Multi-class Weather Dataset/Shine/shine3.jpg,Ensoleillé,275,183,0.523624479752199
./Multi-class Weather Dataset/Shine/shine30.jpg,Ensoleillé,1024,839,0.5872187168056846
./Multi-class Weather Dataset/Shine/shine31.jpg,Ensoleillé,225,225,0.7000726298445897
./Multi-class Weather Dataset/Shine/shine32.jpg,Ensoleillé,189,267,0.5346297928554138
./Multi-class Weather Dataset/Shine/shine33.jpg,Ensoleillé,225,225,0.6459943236523844
./Multi-class Weather Dataset/Shine/shine34.jpg,Ensoleillé,259,194,0.5455600693685109
./Multi-class Weather Dataset/Shine/shine35.jpg,Ensoleillé,284,177,0.577347299416305
./Multi-class Weather Dataset/Shine/shine36.jpg,Ensoleillé,300,168,0.5936949154450669
./Multi-class Weather Dataset/Shine/shine37.jpg,Ensoleillé,225,225,0.545999543161462
./Multi-class Weather Dataset/Shine/shine38.jpg,Ensoleillé,284,177,0.5600393219090771
./Multi-class Weather Dataset/Shine/shine39.jpg,Ensoleillé,299,168,0.6678141132986084
./Multi-class Weather Dataset/Shine/shine4.jpg,Ensoleillé,400,300,0.4327886507418301
./Multi-class Weather Dataset/Shine/shine40.jpg,Ensoleillé,259,194,0.5803940678918544
./Multi-class Weather Dataset/Shine/shine41.jpg,Ensoleillé,299,168,0.6694805506372004
./Multi-class Weather Dataset/Shine/shine42.jpg,Ensoleillé,183,275,0.6347516548162434
./Multi-class Weather Dataset/Shine/shine43.jpg,Ensoleillé,299,168,0.6228195290245419
./Multi-class Weather Dataset/Shine/shine44.jpg,Ensoleillé,299,168,0.7226272257431401
./Multi-class Weather Dataset/Shine/shine45.jpg,Ensoleillé,299,168,0.6609627696898158
./Multi-class Weather Dataset/Shine/shine46.jpg,Ensoleillé,259,194,0.6991846227618939
./Multi-class Weather Dataset/Shine/shine47.jpg,Ensoleillé,299,168,0.7194324960575088
./Multi-class Weather Dataset/Shine/shine48.jpg,Ensoleillé,275,183,0.4536721229108831
./Multi-class Weather Dataset/Shine/shine49.jpg,Ensoleillé,900,596,0.4217491948480064
./Multi-class Weather Dataset/Shine/shine5.jpg,Ensoleillé,300,168,0.6048409257391846
./Multi-class Weather Dataset/Shine/shine50.jpg,Ensoleillé,300,168,0.5166734923980703
./Multi-class Weather Dataset/Shine/shine51.jpg,Ensoleillé,284,177,0.5425960707860769
./Multi-class Weather Dataset/Shine/shine52.jpg,Ensoleillé,284,177,0.602048456024727
./Multi-class Weather Dataset/Shine/shine53.jpg,Ensoleillé,284,177,0.6220736918352922
./Multi-class Weather Dataset/Shine/shine54.jpg,Ensoleillé,500,346,0.33326848759152217
./Multi-class Weather Dataset/Shine/shine55.jpg,Ensoleillé,1680,1050,0.5627465133606778
./Multi-class Weather Dataset/Shine/shine56.jpg,Ensoleillé,2048,1536,0.5376672930363428
./Multi-class Weather Dataset/Shine/shine57.jpg,Ensoleillé,259,194,0.5791909371461039
./Multi-class Weather Dataset/Shine/shine58.jpg,Ensoleillé,350,200,0.6369866486946779
./Multi-class Weather Dataset/Shine/shine59.jpg,Ensoleillé,720,537,0.5684884612092923
./Multi-class Weather Dataset/Shine/shine6.jpg,Ensoleillé,1024,768,0.5309726589422289
./Multi-class Weather Dataset/Shine/shine60.jpg,Ensoleillé,600,315,0.4520096087830688
./Multi-class Weather Dataset/Shine/shine61.jpg,Ensoleillé,284,177,0.8009746099104877
./Multi-class Weather Dataset/Shine/shine62.jpg,Ensoleillé,2000,1125,0.5608445910513287
./Multi-class Weather Dataset/Shine/shine63.jpg,Ensoleillé,1000,667,0.5133715001757946
./Multi-class Weather Dataset/Shine/shine64.jpg,Ensoleillé,800,426,0.57680254274832
./Multi-class Weather Dataset/Shine/shine65.jpg,Ensoleillé,1600,1200,0.5976862965044936
./Multi-class Weather Dataset/Shine/shine66.jpg,Ensoleillé,275,183,0.48410432574929624
./Multi-class Weather Dataset/Shine/shine67.jpg,Ensoleillé,1920,1080,0.6533865142181443
./Multi-class Weather Dataset/Shine/shine68.jpg,Ensoleillé,300,168,0.6431849471132898
./Multi-class Weather Dataset/Shine/shine69.jpg,Ensoleillé,640,430,0.6880773006198699
./Multi-class Weather Dataset/Shine/shine7.jpg,Ensoleillé,259,194,0.5162289934463615
./Multi-class Weather Dataset/Shine/shine70.jpg,Ensoleillé,284,177,0.6203725318176925
./Multi-class Weather Dataset/Shine/shine71.jpg,Ensoleillé,318,159,0.718896821933235
./Multi-class Weather Dataset/Shine/shine72.jpg,Ensoleillé,1920,1080,0.7140154642450001
./Multi-class Weather Dataset/Shine/shine73.jpg,Ensoleillé,640,359,0.4598019906500901
./Multi-class Weather Dataset/Shine/shine74.jpg,Ensoleillé,275,183,0.5005893290708434
./Multi-class Weather Dataset/Shine/shine75.jpg,Ensoleillé,620,464,0.4060450611518244
./Multi-class Weather Dataset/Shine/shine76.jpg,Ensoleillé,1024,683,0.38679456362826276
./Multi-class Weather Dataset/Shine/shine77.jpg,Ensoleillé,1080,1080,0.5006454897741333
./Multi-class Weather Dataset/Shine/shine78.jpg,Ensoleillé,1080,1080,0.5636041461140698
./Multi-class Weather Dataset/Shine/shine79.jpg,Ensoleillé,852,480,0.7234285712759672
./Multi-class Weather Dataset/Shine/shine8.jpg,Ensoleillé,284,177,0.4905399588090189
./Multi-class Weather Dataset/Shine/shine80.jpg,Ensoleillé,225,225,0.823208786482692
./Multi-class Weather Dataset/Shine/shine81.jpg,Ensoleillé,320,480,0.703541537058313
./Multi-class Weather Dataset/Shine/shine82.jpg,Ensoleillé,287,176,0.6566614401858304
./Multi-class Weather Dataset/Shine/shine83.jpg,Ensoleillé,615,409,0.6594316212837491
./Multi-class Weather Dataset/Shine/shine84.jpg,Ensoleillé,224,225,0.6992984303610332
./Multi-class Weather Dataset/Shine/shine85.jpg,Ensoleillé,852,480,0.6968776510402284
./Multi-class Weather Dataset/Shine/shine86.jpg,Ensoleillé,227,222,0.5273885389717263
./Multi-class Weather Dataset/Shine/shine87.jpg,Ensoleillé,284,177,0.7046877688218599
./Multi-class Weather Dataset/Shine/shine88.jpg,Ensoleillé,284,177,0.7275222293682333
./Multi-class Weather Dataset/Shine/shine89.jpg,Ensoleillé,299,168,0.7779834338863751
./Multi-class Weather Dataset/Shine/shine9.jpg,Ensoleillé,1600,1200,0.5510496203901143
./Multi-class Weather Dataset/Shine/shine90.jpg,Ensoleillé,259,194,0.6208609152928377
./Multi-class Weather Dataset/Shine/shine91.jpg,Ensoleillé,240,160,0.4682213007965686
./Multi-class Weather Dataset/Shine/shine92.jpg,Ensoleillé,936,526,0.5985158801059504
./Multi-class Weather Dataset/Shine/shine93.jpg,Ensoleillé,325,155,0.5351963339424901
./Multi-class Weather Dataset/Shine/shine94.jpg,Ensoleillé,2880,1800,0.5615330127488805
./Multi-class Weather Dataset/Shine/shine95.jpg,Ensoleillé,284,177,0.7256706904326147
./Multi-class Weather Dataset/Shine/shine96.jpg,Ensoleillé,1000,667,0.5234206203633478
./Multi-class Weather Dataset/Shine/shine97.jpg,Ensoleillé,1024,576,0.6273230166227053
./Multi-class Weather Dataset/Shine/shine98.jpg,Ensoleillé,900,596,0.4217491948480064
./Multi-class Weather Dataset/Shine/shine99.jpg,Ensoleillé,261,193,0.4638218593060475
./Multi-class Weather Dataset/Sunrise/sunrise1.jpg,Lever du soleil,750,500,0.32186912652026134
./Multi-class Weather Dataset/Sunrise/sunrise10.jpg,Lever du soleil,2304,1728,0.42688189125476583
./Multi-class Weather Dataset/Sunrise/sunrise100.jpg,Lever du soleil,360,240,0.3706075732888526
./Multi-class Weather Dataset/Sunrise/sunrise101.jpg,Lever du soleil,620,400,0.21711829616540165
./Multi-class Weather Dataset/Sunrise/sunrise102.jpg,Lever du soleil,240,160,0.16505258128063724
./Multi-class Weather Dataset/Sunrise/sunrise103.jpg,Lever du soleil,275,183,0.21456368607190515
./Multi-class Weather Dataset/Sunrise/sunrise104.jpg,Lever du soleil,376,250,0.3268978429286608
./Multi-class Weather Dataset/Sunrise/sunrise105.jpg,Lever du soleil,660,495,0.373686451989893
./Multi-class Weather Dataset/Sunrise/sunrise106.jpg,Lever du soleil,1024,768,0.2870924748364618
./Multi-class Weather Dataset/Sunrise/sunrise107.jpg,Lever du soleil,259,194,0.3507343140064607
./Multi-class Weather Dataset/Sunrise/sunrise108.jpg,Lever du soleil,300,168,0.4501771403361345
./Multi-class Weather Dataset/Sunrise/sunrise109.jpg,Lever du soleil,790,555,0.4286709704292527
./Multi-class Weather Dataset/Sunrise/sunrise11.jpg,Lever du soleil,259,194,0.3646798821406523
./Multi-class Weather Dataset/Sunrise/sunrise110.jpg,Lever du soleil,1280,853,0.40307744092648795
./Multi-class Weather Dataset/Sunrise/sunrise111.jpg,Lever du soleil,259,194,0.3857192820811802
./Multi-class Weather Dataset/Sunrise/sunrise112.jpg,Lever du soleil,225,225,0.33751730680222697
./Multi-class Weather Dataset/Sunrise/sunrise113.jpg,Lever du soleil,275,183,0.47452475787382015
./Multi-class Weather Dataset/Sunrise/sunrise114.jpg,Lever du soleil,1280,720,0.4430971869889535
./Multi-class Weather Dataset/Sunrise/sunrise115.jpg,Lever du soleil,299,169,0.4804658166041346
./Multi-class Weather Dataset/Sunrise/sunrise116.jpg,Lever du soleil,2560,1600,0.37286250396800347
./Multi-class Weather Dataset/Sunrise/sunrise117.jpg,Lever du soleil,400,231,0.4382759634114251
./Multi-class Weather Dataset/Sunrise/sunrise118.jpg,Lever du soleil,1440,900,0.38525863659011134
./Multi-class Weather Dataset/Sunrise/sunrise119.jpg,Lever du soleil,284,177,0.45297392380760687
./Multi-class Weather Dataset/Sunrise/sunrise12.jpg,Lever du soleil,480,360,0.38226944294889253
./Multi-class Weather Dataset/Sunrise/sunrise120.jpg,Lever du soleil,450,338,0.43092028310837815
./Multi-class Weather Dataset/Sunrise/sunrise121.jpg,Lever du soleil,259,194,0.4465962192834783
./Multi-class Weather Dataset/Sunrise/sunrise122.jpg,Lever du soleil,300,168,0.18467016687675072
./Multi-class Weather Dataset/Sunrise/sunrise123.jpg,Lever du soleil,1920,1440,0.3228845831608569
./Multi-class Weather Dataset/Sunrise/sunrise124.jpg,Lever du soleil,745,556,0.4028711086275077
./Multi-class Weather Dataset/Sunrise/sunrise125.jpg,Lever du soleil,1024,557,0.43404268393216255
./Multi-class Weather Dataset/Sunrise/sunrise126.jpg,Lever du soleil,190,265,0.39217706077847225
./Multi-class Weather Dataset/Sunrise/sunrise127.jpg,Lever du soleil,300,168,0.3947236372393402
./Multi-class Weather Dataset/Sunrise/sunrise128.jpg,Lever du soleil,284,177,0.3757351452372148
./Multi-class Weather Dataset/Sunrise/sunrise129.jpg,Lever du soleil,259,194,0.4972055538203022
./Multi-class Weather Dataset/Sunrise/sunrise13.jpg,Lever du soleil,480,360,0.38226944294889253
./Multi-class Weather Dataset/Sunrise/sunrise130.jpg,Lever du soleil,260,194,0.3977575200510022
./Multi-class Weather Dataset/Sunrise/sunrise131.jpg,Lever du soleil,1600,1200,0.37195931017136435
./Multi-class Weather Dataset/Sunrise/sunrise132.jpg,Lever du soleil,194,259,0.506309841766743
./Multi-class Weather Dataset/Sunrise/sunrise133.jpg,Lever du soleil,259,194,0.5786646475497417
./Multi-class Weather Dataset/Sunrise/sunrise134.jpg,Lever du soleil,284,177,0.5739516040610562
./Multi-class Weather Dataset/Sunrise/sunrise135.jpg,Lever du soleil,900,600,0.34570851025054444
./Multi-class Weather Dataset/Sunrise/sunrise136.jpg,Lever du soleil,1022,682,0.5196190091440102
./Multi-class Weather Dataset/Sunrise/sunrise137.jpg,Lever du soleil,320,213,0.4515058131386357
./Multi-class Weather Dataset/Sunrise/sunrise138.jpg,Lever du soleil,284,177,0.44272548443090126
./Multi-class Weather Dataset/Sunrise/sunrise139.jpg,Lever du soleil,350,263,0.4876168291060911
./Multi-class Weather Dataset/Sunrise/sunrise14.jpg,Lever du soleil,1000,667,0.4832787938236763
./Multi-class Weather Dataset/Sunrise/sunrise140.jpg,Lever du soleil,420,320,0.31390955245973384
./Multi-class Weather Dataset/Sunrise/sunrise141.jpg,Lever du soleil,225,225,0.6305104963873154
./Multi-class Weather Dataset/Sunrise/sunrise142.jpg,Lever du soleil,275,183,0.31484282463594476
./Multi-class Weather Dataset/Sunrise/sunrise143.jpg,Lever du soleil,1920,1200,0.33613605491200316
./Multi-class Weather Dataset/Sunrise/sunrise144.jpg,Lever du soleil,300,168,0.28091891725023344
./Multi-class Weather Dataset/Sunrise/sunrise145.jpg,Lever du soleil,344,147,0.44489391407725887
./Multi-class Weather Dataset/Sunrise/sunrise146.jpg,Lever du soleil,284,177,0.2433265548659187
./Multi-class Weather Dataset/Sunrise/sunrise147.jpg,Lever du soleil,259,194,0.37254976718466715
./Multi-class Weather Dataset/Sunrise/sunrise148.jpg,Lever du soleil,284,177,0.2266592983178789
./Multi-class Weather Dataset/Sunrise/sunrise149.jpg,Lever du soleil,269,188,0.38854667357586076
./Multi-class Weather Dataset/Sunrise/sunrise15.jpg,Lever du soleil,300,168,0.41138945771086216
./Multi-class Weather Dataset/Sunrise/sunrise150.jpg,Lever du soleil,300,168,0.25021755141612206
./Multi-class Weather Dataset/Sunrise/sunrise151.jpg,Lever du soleil,280,210,0.2902514504868614
./Multi-class Weather Dataset/Sunrise/sunrise152.jpg,Lever du soleil,1920,1080,0.44007699510711684
./Multi-class Weather Dataset/Sunrise/sunrise153.jpg,Lever du soleil,300,168,0.41884148468720817
./Multi-class Weather Dataset/Sunrise/sunrise154.jpg,Lever du soleil,1024,768,0.4032139186121126
./Multi-class Weather Dataset/Sunrise/sunrise155.jpg,Lever du soleil,1000,667,0.41883327197224923
./Multi-class Weather Dataset/Sunrise/sunrise156.jpg,Lever du soleil,280,180,0.43713268670245875
./Multi-class Weather Dataset/Sunrise/sunrise157.jpg,Lever du soleil,2560,1600,0.526654885646734
./Multi-class Weather Dataset/Sunrise/sunrise158.jpg,Lever du soleil,275,183,0.48322123780524634
./Multi-class Weather Dataset/Sunrise/sunrise159.jpg,Lever du soleil,284,177,0.537687335684652
./Multi-class Weather Dataset/Sunrise/sunrise16.jpg,Lever du soleil,4261,3195,0.468387432350666
./Multi-class Weather Dataset/Sunrise/sunrise160.jpg,Lever du soleil,275,183,0.3106309940835549
./Multi-class Weather Dataset/Sunrise/sunrise161.jpg,Lever du soleil,284,177,0.5616701402911766
./Multi-class Weather Dataset/Sunrise/sunrise162.jpg,Lever du soleil,284,177,0.546784851852892
./Multi-class Weather Dataset/Sunrise/sunrise163.jpg,Lever du soleil,275,183,0.5794817089467481
./Multi-class Weather Dataset/Sunrise/sunrise164.jpg,Lever du soleil,300,168,0.3404892900793651
./Multi-class Weather Dataset/Sunrise/sunrise165.jpg,Lever du soleil,280,180,0.3149877532290694
./Multi-class Weather Dataset/Sunrise/sunrise166.jpg,Lever du soleil,212,238,0.3416612350034353
./Multi-class Weather Dataset/Sunrise/sunrise167.jpg,Lever du soleil,2560,1600,0.3014449624534699
./Multi-class Weather Dataset/Sunrise/sunrise168.jpg,Lever du soleil,274,184,0.32041886030578526
./Multi-class Weather Dataset/Sunrise/sunrise169.jpg,Lever du soleil,251,201,0.5101578994567045
./Multi-class Weather Dataset/Sunrise/sunrise17.jpg,Lever du soleil,284,177,0.3620056425559004
./Multi-class Weather Dataset/Sunrise/sunrise170.jpg,Lever du soleil,2560,1600,0.58673841972484
./Multi-class Weather Dataset/Sunrise/sunrise171.jpg,Lever du soleil,284,177,0.5599490444940608
./Multi-class Weather Dataset/Sunrise/sunrise172.jpg,Lever du soleil,784,508,0.3489734588412137
./Multi-class Weather Dataset/Sunrise/sunrise173.jpg,Lever du soleil,300,168,0.3442147162620604
./Multi-class Weather Dataset/Sunrise/sunrise174.jpg,Lever du soleil,1920,1080,0.406926706355339
./Multi-class Weather Dataset/Sunrise/sunrise175.jpg,Lever du soleil,1000,750,0.3459440372475818
./Multi-class Weather Dataset/Sunrise/sunrise176.jpg,Lever du soleil,1024,763,0.3644171285343266
./Multi-class Weather Dataset/Sunrise/sunrise177.jpg,Lever du soleil,852,480,0.3743103295197382
./Multi-class Weather Dataset/Sunrise/sunrise178.jpg,Lever du soleil,275,183,0.4831773696307335
./Multi-class Weather Dataset/Sunrise/sunrise179.jpg,Lever du soleil,284,177,0.5603510586082129
./Multi-class Weather Dataset/Sunrise/sunrise18.jpg,Lever du soleil,1920,1080,0.3587926546774766
./Multi-class Weather Dataset/Sunrise/sunrise180.jpg,Lever du soleil,660,430,0.33854922216418637
./Multi-class Weather Dataset/Sunrise/sunrise181.jpg,Lever du soleil,284,177,0.3948857082040264
./Multi-class Weather Dataset/Sunrise/sunrise182.jpg,Lever du soleil,300,168,0.38967438198723936
./Multi-class Weather Dataset/Sunrise/sunrise183.jpg,Lever du soleil,300,168,0.4894816481792718
./Multi-class Weather Dataset/Sunrise/sunrise184.jpg,Lever du soleil,1024,768,0.6640153388513306
./Multi-class Weather Dataset/Sunrise/sunrise185.jpg,Lever du soleil,260,194,0.42264528101724436
./Multi-class Weather Dataset/Sunrise/sunrise186.jpg,Lever du soleil,336,210,0.5551473686585746
./Multi-class Weather Dataset/Sunrise/sunrise187.jpg,Lever du soleil,2560,1600,0.3432335019689222
./Multi-class Weather Dataset/Sunrise/sunrise188.jpg,Lever du soleil,275,183,0.6044946836309089
./Multi-class Weather Dataset/Sunrise/sunrise189.jpg,Lever du soleil,612,408,0.5258257161508394
./Multi-class Weather Dataset/Sunrise/sunrise19.jpg,Lever du soleil,275,184,0.4656838953344184
./Multi-class Weather Dataset/Sunrise/sunrise190.jpg,Lever du soleil,1920,1200,0.2684713358452479
./Multi-class Weather Dataset/Sunrise/sunrise191.jpg,Lever du soleil,400,300,0.38255339608823524
./Multi-class Weather Dataset/Sunrise/sunrise192.jpg,Lever du soleil,284,177,0.25388309030654516
./Multi-class Weather Dataset/Sunrise/sunrise193.jpg,Lever du soleil,259,194,0.3248514586196697
./Multi-class Weather Dataset/Sunrise/sunrise194.jpg,Lever du soleil,259,194,0.31285814985565136
./Multi-class Weather Dataset/Sunrise/sunrise195.jpg,Lever du soleil,259,194,0.4171528245892952
./Multi-class Weather Dataset/Sunrise/sunrise196.jpg,Lever du soleil,259,194,0.2352289107005299
./Multi-class Weather Dataset/Sunrise/sunrise197.jpg,Lever du soleil,1920,1281,0.2737297242128863
./Multi-class Weather Dataset/Sunrise/sunrise198.jpg,Lever du soleil,516,234,0.41926726946526305
./Multi-class Weather Dataset/Sunrise/sunrise199.jpg,Lever du soleil,640,480,0.3594301516799428
./Multi-class Weather Dataset/Sunrise/sunrise2.jpg,Lever du soleil,275,183,0.24782002549701448
./Multi-class Weather Dataset/Sunrise/sunrise20.jpg,Lever du soleil,278,181,0.4463121655214015
./Multi-class Weather Dataset/Sunrise/sunrise200.jpg,Lever du soleil,275,183,0.4339692296309284
./Multi-class Weather Dataset/Sunrise/sunrise201.jpg,Lever du soleil,3456,1801,0.528862875072972
./Multi-class Weather Dataset/Sunrise/sunrise202.jpg,Lever du soleil,1600,1053,0.17440326896099853
./Multi-class Weather Dataset/Sunrise/sunrise203.jpg,Lever du soleil,736,552,0.3545309287065095
./Multi-class Weather Dataset/Sunrise/sunrise204.jpg,Lever du soleil,800,533,0.34838857570724346
./Multi-class Weather Dataset/Sunrise/sunrise205.jpg,Lever du soleil,259,194,0.3671905583509525
./Multi-class Weather Dataset/Sunrise/sunrise206.jpg,Lever du soleil,2048,844,0.22797993347650086
./Multi-class Weather Dataset/Sunrise/sunrise207.jpg,Lever du soleil,251,201,0.5518115308777571
./Multi-class Weather Dataset/Sunrise/sunrise208.jpg,Lever du soleil,1920,1080,0.643184901546992
./Multi-class Weather Dataset/Sunrise/sunrise209.jpg,Lever du soleil,1323,864,0.32795507661226364
./Multi-class Weather Dataset/Sunrise/sunrise21.jpg,Lever du soleil,969,545,0.43329310193178683
./Multi-class Weather Dataset/Sunrise/sunrise210.jpg,Lever du soleil,3200,1200,0.23738595327890094
./Multi-class Weather Dataset/Sunrise/sunrise211.jpg,Lever du soleil,640,480,0.32427111906275535
./Multi-class Weather Dataset/Sunrise/sunrise212.jpg,Lever du soleil,300,168,0.41936490749299726
./Multi-class Weather Dataset/Sunrise/sunrise213.jpg,Lever du soleil,316,480,0.31562450648941015
./Multi-class Weather Dataset/Sunrise/sunrise214.jpg,Lever du soleil,320,240,0.39407252831392975
./Multi-class Weather Dataset/Sunrise/sunrise215.jpg,Lever du soleil,320,240,0.4007030823274102
./Multi-class Weather Dataset/Sunrise/sunrise216.jpg,Lever du soleil,320,212,0.258972211558916
./Multi-class Weather Dataset/Sunrise/sunrise217.jpg,Lever du soleil,320,212,0.1552181132595727
./Multi-class Weather Dataset/Sunrise/sunrise218.jpg,Lever du soleil,320,213,0.24853926442396215
./Multi-class Weather Dataset/Sunrise/sunrise219.jpg,Lever du soleil,320,179,0.5135248691121701
./Multi-class Weather Dataset/Sunrise/sunrise22.jpg,Lever du soleil,557,900,0.47043786823826694
./Multi-class Weather Dataset/Sunrise/sunrise220.jpg,Lever du soleil,320,179,0.3409277859499945
./Multi-class Weather Dataset/Sunrise/sunrise221.jpg,Lever du soleil,213,320,0.3475128362503452
./Multi-class Weather Dataset/Sunrise/sunrise222.jpg,Lever du soleil,232,174,0.30301877378121284
./Multi-class Weather Dataset/Sunrise/sunrise223.jpg,Lever du soleil,291,164,0.24683760949807798
./Multi-class Weather Dataset/Sunrise/sunrise224.jpg,Lever du soleil,227,152,0.21551780419888797
./Multi-class Weather Dataset/Sunrise/sunrise225.jpg,Lever du soleil,240,160,0.19345185772058823
./Multi-class Weather Dataset/Sunrise/sunrise226.jpg,Lever du soleil,270,152,0.457798548685166
./Multi-class Weather Dataset/Sunrise/sunrise227.jpg,Lever du soleil,255,169,0.3531750084833098
./Multi-class Weather Dataset/Sunrise/sunrise228.jpg,Lever du soleil,240,161,0.38595230640807043
./Multi-class Weather Dataset/Sunrise/sunrise229.jpg,Lever du soleil,234,176,0.38150155762946203
./Multi-class Weather Dataset/Sunrise/sunrise23.jpg,Lever du soleil,4261,3195,0.468387432350666
./Multi-class Weather Dataset/Sunrise/sunrise230.jpg,Lever du soleil,214,176,0.4496314613423959
./Multi-class Weather Dataset/Sunrise/sunrise231.jpg,Lever du soleil,243,170,0.22666991359448643
./Multi-class Weather Dataset/Sunrise/sunrise232.jpg,Lever du soleil,239,180,0.2919873547278512
./Multi-class Weather Dataset/Sunrise/sunrise233.jpg,Lever du soleil,227,151,0.37169352527590965
./Multi-class Weather Dataset/Sunrise/sunrise234.jpg,Lever du soleil,248,166,0.5019061758514131
./Multi-class Weather Dataset/Sunrise/sunrise235.jpg,Lever du soleil,220,165,0.0675780484956517
./Multi-class Weather Dataset/Sunrise/sunrise236.jpg,Lever du soleil,266,178,0.27194120611343303
./Multi-class Weather Dataset/Sunrise/sunrise237.jpg,Lever du soleil,230,154,0.35598162231374764
./Multi-class Weather Dataset/Sunrise/sunrise238.jpg,Lever du soleil,252,189,0.3336215724561429
./Multi-class Weather Dataset/Sunrise/sunrise239.jpg,Lever du soleil,281,158,0.296420393508275
./Multi-class Weather Dataset/Sunrise/sunrise24.jpg,Lever du soleil,292,173,0.3823516822004754
./Multi-class Weather Dataset/Sunrise/sunrise240.jpg,Lever du soleil,230,173,0.28050457545249813
./Multi-class Weather Dataset/Sunrise/sunrise241.jpg,Lever du soleil,299,168,0.36964907472465014
./Multi-class Weather Dataset/Sunrise/sunrise242.jpg,Lever du soleil,233,161,0.25097361855733147
./Multi-class Weather Dataset/Sunrise/sunrise243.jpg,Lever du soleil,248,166,0.311875921761048
./Multi-class Weather Dataset/Sunrise/sunrise244.jpg,Lever du soleil,245,164,0.30501902776720446
./Multi-class Weather Dataset/Sunrise/sunrise245.jpg,Lever du soleil,230,173,0.5232606013433271
./Multi-class Weather Dataset/Sunrise/sunrise246.jpg,Lever du soleil,262,175,0.2174693610793936
./Multi-class Weather Dataset/Sunrise/sunrise247.jpg,Lever du soleil,245,163,0.21441225956885823
./Multi-class Weather Dataset/Sunrise/sunrise248.jpg,Lever du soleil,225,169,0.15446384632401283
./Multi-class Weather Dataset/Sunrise/sunrise249.jpg,Lever du soleil,281,176,0.3121812364882867
./Multi-class Weather Dataset/Sunrise/sunrise25.jpg,Lever du soleil,320,210,0.4538138606092436
./Multi-class Weather Dataset/Sunrise/sunrise250.jpg,Lever du soleil,220,165,0.48923987985739764
./Multi-class Weather Dataset/Sunrise/sunrise251.jpg,Lever du soleil,287,162,0.45139700289390067
./Multi-class Weather Dataset/Sunrise/sunrise252.jpg,Lever du soleil,232,155,0.37611457386202535
./Multi-class Weather Dataset/Sunrise/sunrise253.jpg,Lever du soleil,226,170,0.3894874030784621
./Multi-class Weather Dataset/Sunrise/sunrise254.jpg,Lever du soleil,247,154,0.2767710938081526
./Multi-class Weather Dataset/Sunrise/sunrise255.jpg,Lever du soleil,228,152,0.29821857345246505
./Multi-class Weather Dataset/Sunrise/sunrise256.jpg,Lever du soleil,230,173,0.49239011195048527
./Multi-class Weather Dataset/Sunrise/sunrise257.jpg,Lever du soleil,300,110,0.31217525932263807
./Multi-class Weather Dataset/Sunrise/sunrise258.jpg,Lever du soleil,233,175,0.36212113580745603
./Multi-class Weather Dataset/Sunrise/sunrise259.jpg,Lever du soleil,244,153,0.302661919816464
./Multi-class Weather Dataset/Sunrise/sunrise26.jpg,Lever du soleil,259,194,0.4251219821771004
./Multi-class Weather Dataset/Sunrise/sunrise260.jpg,Lever du soleil,261,174,0.42722726274268025
./Multi-class Weather Dataset/Sunrise/sunrise261.jpg,Lever du soleil,215,162,0.5047729942184167
./Multi-class Weather Dataset/Sunrise/sunrise262.jpg,Lever du soleil,300,157,0.30406043942383754
./Multi-class Weather Dataset/Sunrise/sunrise263.jpg,Lever du soleil,300,130,0.4743633149019609
./Multi-class Weather Dataset/Sunrise/sunrise264.jpg,Lever du soleil,260,174,0.349805205266899
./Multi-class Weather Dataset/Sunrise/sunrise265.jpg,Lever du soleil,225,169,0.29839828529734047
./Multi-class Weather Dataset/Sunrise/sunrise266.jpg,Lever du soleil,262,177,0.44652891348854207
./Multi-class Weather Dataset/Sunrise/sunrise267.jpg,Lever du soleil,211,159,0.256867539279684
./Multi-class Weather Dataset/Sunrise/sunrise268.jpg,Lever du soleil,329,166,0.5202823527544831
./Multi-class Weather Dataset/Sunrise/sunrise269.jpg,Lever du soleil,265,177,0.3027092309737454
./Multi-class Weather Dataset/Sunrise/sunrise27.jpg,Lever du soleil,300,168,0.17193471762371618
./Multi-class Weather Dataset/Sunrise/sunrise270.jpg,Lever du soleil,232,168,0.5671003489427381
./Multi-class Weather Dataset/Sunrise/sunrise271.jpg,Lever du soleil,227,152,0.20557332450230265
./Multi-class Weather Dataset/Sunrise/sunrise272.jpg,Lever du soleil,258,172,0.5516226320798737
./Multi-class Weather Dataset/Sunrise/sunrise273.jpg,Lever du soleil,224,152,0.363120718270861
./Multi-class Weather Dataset/Sunrise/sunrise274.jpg,Lever du soleil,257,172,0.23258309700479596
./Multi-class Weather Dataset/Sunrise/sunrise275.jpg,Lever du soleil,295,166,0.3271530213295855
./Multi-class Weather Dataset/Sunrise/sunrise276.jpg,Lever du soleil,208,167,0.28279637512305705
./Multi-class Weather Dataset/Sunrise/sunrise277.jpg,Lever du soleil,221,282,0.5072554964759243
./Multi-class Weather Dataset/Sunrise/sunrise278.jpg,Lever du soleil,200,157,0.4967029419632822
./Multi-class Weather Dataset/Sunrise/sunrise279.jpg,Lever du soleil,255,165,0.4267278504258269
./Multi-class Weather Dataset/Sunrise/sunrise28.jpg,Lever du soleil,259,194,0.3411299956761752
./Multi-class Weather Dataset/Sunrise/sunrise280.jpg,Lever du soleil,243,162,0.2878349138153458
./Multi-class Weather Dataset/Sunrise/sunrise281.jpg,Lever du soleil,263,176,0.27111625482062857
./Multi-class Weather Dataset/Sunrise/sunrise282.jpg,Lever du soleil,372,167,0.5271523162908843
./Multi-class Weather Dataset/Sunrise/sunrise283.jpg,Lever du soleil,380,164,0.4557605519330968
./Multi-class Weather Dataset/Sunrise/sunrise284.jpg,Lever du soleil,249,166,0.3312035678361924
./Multi-class Weather Dataset/Sunrise/sunrise285.jpg,Lever du soleil,259,156,0.21588006068123713
./Multi-class Weather Dataset/Sunrise/sunrise286.jpg,Lever du soleil,204,153,0.3548654967672062
./Multi-class Weather Dataset/Sunrise/sunrise287.jpg,Lever du soleil,257,172,0.26784598611429006
./Multi-class Weather Dataset/Sunrise/sunrise288.jpg,Lever du soleil,234,152,0.3944507335520803
./Multi-class Weather Dataset/Sunrise/sunrise289.jpg,Lever du soleil,269,180,0.21196193813932018
./Multi-class Weather Dataset/Sunrise/sunrise29.jpg,Lever du soleil,4752,3168,0.1600343889807546
./Multi-class Weather Dataset/Sunrise/sunrise290.jpg,Lever du soleil,286,161,0.3942761808353624
./Multi-class Weather Dataset/Sunrise/sunrise291.jpg,Lever du soleil,300,112,0.34093634906629317
./Multi-class Weather Dataset/Sunrise/sunrise292.jpg,Lever du soleil,230,154,0.3988400740359385
./Multi-class Weather Dataset/Sunrise/sunrise293.jpg,Lever du soleil,228,171,0.3771089182594141
./Multi-class Weather Dataset/Sunrise/sunrise294.jpg,Lever du soleil,266,175,0.21782260152903266
./Multi-class Weather Dataset/Sunrise/sunrise295.jpg,Lever du soleil,224,168,0.39267395628042884
./Multi-class Weather Dataset/Sunrise/sunrise296.jpg,Lever du soleil,266,160,0.3794356325740822
./Multi-class Weather Dataset/Sunrise/sunrise297.jpg,Lever du soleil,300,299,0.154732395785516
./Multi-class Weather Dataset/Sunrise/sunrise298.jpg,Lever du soleil,283,169,0.4195672679924417
./Multi-class Weather Dataset/Sunrise/sunrise299.jpg,Lever du soleil,201,161,0.29424011645584036
./Multi-class Weather Dataset/Sunrise/sunrise3.jpg,Lever du soleil,760,507,0.2880884034497428
./Multi-class Weather Dataset/Sunrise/sunrise30.jpg,Lever du soleil,930,300,0.21353860670742858
./Multi-class Weather Dataset/Sunrise/sunrise300.jpg,Lever du soleil,242,161,0.4083676365407823
./Multi-class Weather Dataset/Sunrise/sunrise301.jpg,Lever du soleil,274,171,0.31321141279920856
./Multi-class Weather Dataset/Sunrise/sunrise302.jpg,Lever du soleil,237,158,0.31178983090945084
./Multi-class Weather Dataset/Sunrise/sunrise303.jpg,Lever du soleil,256,160,0.2860924423636642
./Multi-class Weather Dataset/Sunrise/sunrise304.jpg,Lever du soleil,242,162,0.4694065420995457
./Multi-class Weather Dataset/Sunrise/sunrise305.jpg,Lever du soleil,266,178,0.16371133213900585
./Multi-class Weather Dataset/Sunrise/sunrise306.jpg,Lever du soleil,257,161,0.21862170778783516
./Multi-class Weather Dataset/Sunrise/sunrise307.jpg,Lever du soleil,257,172,0.2298674875931732
./Multi-class Weather Dataset/Sunrise/sunrise308.jpg,Lever du soleil,238,159,0.2895197280747297
./Multi-class Weather Dataset/Sunrise/sunrise309.jpg,Lever du soleil,269,168,0.2961382764344896
./Multi-class Weather Dataset/Sunrise/sunrise31.jpg,Lever du soleil,300,168,0.13428469797696857
./Multi-class Weather Dataset/Sunrise/sunrise310.jpg,Lever du soleil,260,174,0.4600831514710217
./Multi-class Weather Dataset/Sunrise/sunrise311.jpg,Lever du soleil,266,166,0.2628478741147695
./Multi-class Weather Dataset/Sunrise/sunrise312.jpg,Lever du soleil,265,177,0.417236771948306
./Multi-class Weather Dataset/Sunrise/sunrise313.jpg,Lever du soleil,216,162,0.40568221620404
./Multi-class Weather Dataset/Sunrise/sunrise314.jpg,Lever du soleil,333,187,0.32383058150947425
./Multi-class Weather Dataset/Sunrise/sunrise315.jpg,Lever du soleil,212,159,0.20221318068440142
./Multi-class Weather Dataset/Sunrise/sunrise316.jpg,Lever du soleil,215,162,0.243487840615201
./Multi-class Weather Dataset/Sunrise/sunrise317.jpg,Lever du soleil,225,300,0.37959479894843856
./Multi-class Weather Dataset/Sunrise/sunrise318.jpg,Lever du soleil,231,174,0.45481989133096634
./Multi-class Weather Dataset/Sunrise/sunrise319.jpg,Lever du soleil,260,173,0.38004672106121246
./Multi-class Weather Dataset/Sunrise/sunrise32.jpg,Lever du soleil,900,675,0.13353488781021547
./Multi-class Weather Dataset/Sunrise/sunrise320.jpg,Lever du soleil,234,176,0.44055236843358164
./Multi-class Weather Dataset/Sunrise/sunrise321.jpg,Lever du soleil,204,153,0.11370786791405016
./Multi-class Weather Dataset/Sunrise/sunrise322.jpg,Lever du soleil,242,151,0.20495399170012266
./Multi-class Weather Dataset/Sunrise/sunrise323.jpg,Lever du soleil,279,183,0.3305287853368035
./Multi-class Weather Dataset/Sunrise/sunrise324.jpg,Lever du soleil,252,168,0.3253361541931587
./Multi-class Weather Dataset/Sunrise/sunrise325.jpg,Lever du soleil,244,170,0.4969001243973
./Multi-class Weather Dataset/Sunrise/sunrise326.jpg,Lever du soleil,300,121,0.3739797423000054
./Multi-class Weather Dataset/Sunrise/sunrise327.jpg,Lever du soleil,228,152,0.39072124123033325
./Multi-class Weather Dataset/Sunrise/sunrise328.jpg,Lever du soleil,315,197,0.20903292006932497
./Multi-class Weather Dataset/Sunrise/sunrise329.jpg,Lever du soleil,263,176,0.3228532989874138
./Multi-class Weather Dataset/Sunrise/sunrise33.jpg,Lever du soleil,1000,667,0.4832787938236763
./Multi-class Weather Dataset/Sunrise/sunrise330.jpg,Lever du soleil,202,152,0.48160159240924094
./Multi-class Weather Dataset/Sunrise/sunrise331.jpg,Lever du soleil,212,159,0.354154579200376
./Multi-class Weather Dataset/Sunrise/sunrise332.jpg,Lever du soleil,213,160,0.2781711368521588
./Multi-class Weather Dataset/Sunrise/sunrise333.jpg,Lever du soleil,318,162,0.28533121767613795
./Multi-class Weather Dataset/Sunrise/sunrise334.jpg,Lever du soleil,228,152,0.414300070926801
./Multi-class Weather Dataset/Sunrise/sunrise335.jpg,Lever du soleil,283,177,0.5690206954166945
./Multi-class Weather Dataset/Sunrise/sunrise336.jpg,Lever du soleil,244,163,0.3191483470093257
./Multi-class Weather Dataset/Sunrise/sunrise337.jpg,Lever du soleil,225,169,0.33178571642495264
./Multi-class Weather Dataset/Sunrise/sunrise338.jpg,Lever du soleil,266,177,0.37599513212242963
./Multi-class Weather Dataset/Sunrise/sunrise339.jpg,Lever du soleil,225,169,0.372282609789741
./Multi-class Weather Dataset/Sunrise/sunrise34.jpg,Lever du soleil,1920,1280,0.3053050503513712
./Multi-class Weather Dataset/Sunrise/sunrise340.jpg,Lever du soleil,294,165,0.36924335668004576
./Multi-class Weather Dataset/Sunrise/sunrise341.jpg,Lever du soleil,318,166,0.5256955095855119
./Multi-class Weather Dataset/Sunrise/sunrise342.jpg,Lever du soleil,225,169,0.37675717999767955
./Multi-class Weather Dataset/Sunrise/sunrise343.jpg,Lever du soleil,282,189,0.307013054641347
./Multi-class Weather Dataset/Sunrise/sunrise344.jpg,Lever du soleil,228,166,0.40634613164733235
./Multi-class Weather Dataset/Sunrise/sunrise345.jpg,Lever du soleil,226,170,0.33766845760480146
./Multi-class Weather Dataset/Sunrise/sunrise346.jpg,Lever du soleil,229,172,0.19645437971552995
./Multi-class Weather Dataset/Sunrise/sunrise347.jpg,Lever du soleil,228,152,0.30357524818722503
./Multi-class Weather Dataset/Sunrise/sunrise348.jpg,Lever du soleil,271,181,0.3088320332778889
./Multi-class Weather Dataset/Sunrise/sunrise349.jpg,Lever du soleil,236,177,0.48072074043406504
./Multi-class Weather Dataset/Sunrise/sunrise35.jpg,Lever du soleil,640,428,0.3256898743185358
./Multi-class Weather Dataset/Sunrise/sunrise350.jpg,Lever du soleil,245,153,0.4293026125064404
./Multi-class Weather Dataset/Sunrise/sunrise351.jpg,Lever du soleil,261,163,0.42969386086418676
./Multi-class Weather Dataset/Sunrise/sunrise352.jpg,Lever du soleil,207,156,0.3420047657648468
./Multi-class Weather Dataset/Sunrise/sunrise353.jpg,Lever du soleil,277,173,0.28679944144181746
./Multi-class Weather Dataset/Sunrise/sunrise354.jpg,Lever du soleil,203,153,0.2120356569438684
./Multi-class Weather Dataset/Sunrise/sunrise355.jpg,Lever du soleil,299,168,0.347800998363671
./Multi-class Weather Dataset/Sunrise/sunrise356.jpg,Lever du soleil,300,168,0.5115901435418613
./Multi-class Weather Dataset/Sunrise/sunrise357.jpg,Lever du soleil,300,94,0.22172613473786676
./Multi-class Weather Dataset/Sunrise/sunrise36.jpg,Lever du soleil,612,409,0.3090537828892843
./Multi-class Weather Dataset/Sunrise/sunrise37.jpg,Lever du soleil,1140,709,0.260417379474087
./Multi-class Weather Dataset/Sunrise/sunrise38.jpg,Lever du soleil,273,185,0.32392576738082623
./Multi-class Weather Dataset/Sunrise/sunrise39.jpg,Lever du soleil,615,412,0.2583913868172891
./Multi-class Weather Dataset/Sunrise/sunrise4.jpg,Lever du soleil,900,597,0.34668712754622794
./Multi-class Weather Dataset/Sunrise/sunrise40.jpg,Lever du soleil,640,345,0.3964850016783887
./Multi-class Weather Dataset/Sunrise/sunrise41.jpg,Lever du soleil,275,183,0.3744807104643348
./Multi-class Weather Dataset/Sunrise/sunrise42.jpg,Lever du soleil,275,183,0.2119082498816516
./Multi-class Weather Dataset/Sunrise/sunrise43.jpg,Lever du soleil,318,159,0.38056094257409456
./Multi-class Weather Dataset/Sunrise/sunrise44.jpg,Lever du soleil,2560,1600,0.5380233631037448
./Multi-class Weather Dataset/Sunrise/sunrise45.jpg,Lever du soleil,259,194,0.4678618366499567
./Multi-class Weather Dataset/Sunrise/sunrise46.jpg,Lever du soleil,612,408,0.5413165746002041
./Multi-class Weather Dataset/Sunrise/sunrise47.jpg,Lever du soleil,440,267,0.5188283817220453
./Multi-class Weather Dataset/Sunrise/sunrise48.jpg,Lever du soleil,284,177,0.5376989302905057
./Multi-class Weather Dataset/Sunrise/sunrise49.jpg,Lever du soleil,480,360,0.4536811284404502
./Multi-class Weather Dataset/Sunrise/sunrise5.jpg,Lever du soleil,350,230,0.3961247376884667
./Multi-class Weather Dataset/Sunrise/sunrise50.jpg,Lever du soleil,225,225,0.6176282718721859
./Multi-class Weather Dataset/Sunrise/sunrise51.jpg,Lever du soleil,300,168,0.6208337176781824
./Multi-class Weather Dataset/Sunrise/sunrise52.jpg,Lever du soleil,281,180,0.5169895755898247
./Multi-class Weather Dataset/Sunrise/sunrise53.jpg,Lever du soleil,275,183,0.4488421964290933
./Multi-class Weather Dataset/Sunrise/sunrise54.jpg,Lever du soleil,1920,1080,0.4591209734325829
./Multi-class Weather Dataset/Sunrise/sunrise55.jpg,Lever du soleil,500,282,0.35642963451258525
./Multi-class Weather Dataset/Sunrise/sunrise56.jpg,Lever du soleil,800,450,0.37036736872549014
./Multi-class Weather Dataset/Sunrise/sunrise57.jpg,Lever du soleil,300,168,0.35895556345315904
./Multi-class Weather Dataset/Sunrise/sunrise58.jpg,Lever du soleil,276,183,0.3924273084985954
./Multi-class Weather Dataset/Sunrise/sunrise59.jpg,Lever du soleil,1024,768,0.4849703095045901
./Multi-class Weather Dataset/Sunrise/sunrise6.jpg,Lever du soleil,350,144,0.36422885328353566
./Multi-class Weather Dataset/Sunrise/sunrise60.jpg,Lever du soleil,738,492,0.4832286096541423
./Multi-class Weather Dataset/Sunrise/sunrise61.jpg,Lever du soleil,500,326,0.4201023654685433
./Multi-class Weather Dataset/Sunrise/sunrise62.jpg,Lever du soleil,240,180,0.4973366409586057
./Multi-class Weather Dataset/Sunrise/sunrise63.jpg,Lever du soleil,680,453,0.4127638888863427
./Multi-class Weather Dataset/Sunrise/sunrise64.jpg,Lever du soleil,240,160,0.47754728614174835
./Multi-class Weather Dataset/Sunrise/sunrise65.jpg,Lever du soleil,2500,1667,0.30810362061997026
./Multi-class Weather Dataset/Sunrise/sunrise66.jpg,Lever du soleil,500,400,0.29924534282352944
./Multi-class Weather Dataset/Sunrise/sunrise67.jpg,Lever du soleil,259,194,0.24843473900566074
./Multi-class Weather Dataset/Sunrise/sunrise68.jpg,Lever du soleil,268,188,0.2712754978782558
./Multi-class Weather Dataset/Sunrise/sunrise69.jpg,Lever du soleil,276,182,0.3066532298917337
./Multi-class Weather Dataset/Sunrise/sunrise7.jpg,Lever du soleil,4368,2912,0.4391299169004383
./Multi-class Weather Dataset/Sunrise/sunrise70.jpg,Lever du soleil,600,524,0.23959446956044508
./Multi-class Weather Dataset/Sunrise/sunrise71.jpg,Lever du soleil,341,512,0.27507007863037997
./Multi-class Weather Dataset/Sunrise/sunrise72.jpg,Lever du soleil,900,463,0.2912791973178617
./Multi-class Weather Dataset/Sunrise/sunrise73.jpg,Lever du soleil,275,184,0.3011485438425172
./Multi-class Weather Dataset/Sunrise/sunrise74.jpg,Lever du soleil,1920,1200,0.3068438717425789
./Multi-class Weather Dataset/Sunrise/sunrise75.jpg,Lever du soleil,275,183,0.2218522250392059
./Multi-class Weather Dataset/Sunrise/sunrise76.jpg,Lever du soleil,275,183,0.34671413090987013
./Multi-class Weather Dataset/Sunrise/sunrise77.jpg,Lever du soleil,1024,576,0.2260694653007823
./Multi-class Weather Dataset/Sunrise/sunrise78.jpg,Lever du soleil,768,1039,0.33728591552462545
./Multi-class Weather Dataset/Sunrise/sunrise79.jpg,Lever du soleil,268,188,0.3268201868240151
./Multi-class Weather Dataset/Sunrise/sunrise8.jpg,Lever du soleil,400,266,0.3426110910216718
./Multi-class Weather Dataset/Sunrise/sunrise80.jpg,Lever du soleil,259,194,0.37107547575731326
./Multi-class Weather Dataset/Sunrise/sunrise81.jpg,Lever du soleil,3888,2592,0.22186889479247146
./Multi-class Weather Dataset/Sunrise/sunrise82.jpg,Lever du soleil,612,564,0.47281464259177464
./Multi-class Weather Dataset/Sunrise/sunrise83.jpg,Lever du soleil,380,133,0.3729887281283704
./Multi-class Weather Dataset/Sunrise/sunrise84.jpg,Lever du soleil,516,234,0.41926726946526305
./Multi-class Weather Dataset/Sunrise/sunrise85.jpg,Lever du soleil,299,168,0.3907065737722068
./Multi-class Weather Dataset/Sunrise/sunrise86.jpg,Lever du soleil,276,183,0.6362872179751762
./Multi-class Weather Dataset/Sunrise/sunrise87.jpg,Lever du soleil,2272,1704,0.3819828361184209
./Multi-class Weather Dataset/Sunrise/sunrise88.jpg,Lever du soleil,275,183,0.24223785152586622
./Multi-class Weather Dataset/Sunrise/sunrise89.jpeg,Lever du soleil,640,428,0.4126803817974619
./Multi-class Weather Dataset/Sunrise/sunrise9.jpg,Lever du soleil,275,183,0.4388122036020767
./Multi-class Weather Dataset/Sunrise/sunrise90.jpg,Lever du soleil,259,194,0.23202653552365496
./Multi-class Weather Dataset/Sunrise/sunrise91.jpg,Lever du soleil,259,194,0.4179328387236756
./Multi-class Weather Dataset/Sunrise/sunrise92.jpg,Lever du soleil,300,168,0.43304899157329596
./Multi-class Weather Dataset/Sunrise/sunrise93.jpg,Lever du soleil,500,375,0.38159975911947713
./Multi-class Weather Dataset/Sunrise/sunrise94.jpg,Lever du soleil,300,168,0.44148412797230013
./Multi-class Weather Dataset/Sunrise/sunrise95.jpg,Lever du soleil,1600,1049,0.2216343638509598
./Multi-class Weather Dataset/Sunrise/sunrise96.jpg,Lever du soleil,3008,2000,0.17750501865717566
./Multi-class Weather Dataset/Sunrise/sunrise97.jpg,Lever du soleil,300,168,0.33126946189698103
./Multi-class Weather Dataset/Sunrise/sunrise98.jpg,Lever du soleil,1024,576,0.2260694653007823
./Multi-class Weather Dataset/Sunrise/sunrise99.jpg,Lever du soleil,283,178,0.32050321518181263
